code	type	duration	participants-number	participants	languages	collection-point	year	unknown-participant	community
STIA001	semistructured-interview	00:49:53	4	PST003;PST004;PST200;PST201	italian;other	TO	_	yes	moroccan
STIA002	semistructured-interview	00:51:38	4	PST009;PST054;PST202;PST203	italian;other	TO	_	no	moroccan
STIA004	semistructured-interview	00:20:14	2	PST012;PST205	italian	TO	_	no	moroccan
STIA005	semistructured-interview	00:26:36	2	PST013;PST205	italian	TO	_	no	moroccan
STIA006	semistructured-interview	00:17:05	2	PST014;PST205	italian;other	TO	_	yes	moroccan
STIA007	semistructured-interview	00:40:56	2	PST015;PST205	italian;other	TO	_	no	moroccan
STIA008	semistructured-interview	00:55:36	2	PST016;PST205	italian;other	TO	_	no	moroccan
STIA009	semistructured-interview	00:31:48	2	PST017;PST206	italian;other	TO	_	no	moroccan
STIA010	semistructured-interview	00:23:21	2	PST018;PST206	italian;other	TO	_	no	moroccan
STIA012	semistructured-interview	00:04:50	3	PST032;PST211;PST212	italian;other	TO	_	yes	moroccan
STIA016	semistructured-interview	00:23:15	2	PST078;PST223	italian;other	TO	_	yes	moroccan
STIA017	semistructured-interview	00:44:08	3	PST088;PST203;PST211	italian;other	TO	_	yes	moroccan
STIA018	semistructured-interview	00:44:16	3	PST095;PST203;PST211	italian;other	TO	_	no	moroccan
STIA019	semistructured-interview	00:18:52	2	PST106;PST216	italian;other	TO	_	yes	moroccan
STIA020	semistructured-interview	00:55:04	3	PST121;PST219;PST220	italian;other	TO	_	no	moroccan
STIA021	semistructured-interview	00:18:00	5	PST140;PST141;PST142;PST143;PST215	italian;other	TO	_	no	moroccan
STIA022	semistructured-interview	01:01:54	2	PST144;PST222	italian;other	TO	_	yes	moroccan
STCA001	free-conversation	00:34:02	7	PST133;PST134;PST135;PST136;PST137;PST138;PST139	italian;other	TO	_	no	moroccan
STCA002	free-conversation	00:49:06	4	PST107;PST108;PST110;PST217	italian;other	TO	_	yes	moroccan
STCA003	free-conversation	00:38:02	5	PST107;PST108;PST110;PST211;PST217	italian;other	TO	_	yes	moroccan
STCA004	free-conversation	00:38:39	6	PST107;PST108;PST109;PST110;PST211;PST217	italian;other	TO	_	yes	moroccan
STCA009	free-conversation	01:29:39	3	PST222;PST145;PST146	italian;other	TO	_	yes	moroccan
STCA010	free-conversation	01:07:20	4	PST147;PST148;PST149;PST222	italian;other	TO	_	no	moroccan
STCA012	free-conversation	00:44:53	2	PST158;PST214	italian;other	TO	_	no	moroccan
STIS001	semistructured-interview	00:49:23	4	PST001;PST002;PST200;PST201	italian;other	TO	_	no	peruvian
STIS003	semistructured-interview	00:50:29	4	PST005;PST006;PST200;PST225	italian;other	TO	_	no	peruvian
STIS004	semistructured-interview	00:46:19	3	PST007;PST008;PST201	italian;other	TO	_	no	peruvian
STIS005	semistructured-interview	00:46:54	2	PST038;PST211	italian;other	TO	_	no	peruvian
STIS006	semistructured-interview	00:29:21	2	PST043;PST211	italian;other	TO	_	no	peruvian
STIS008	semistructured-interview	00:41:06	2	PST049;PST211	italian;other	TO	_	no	peruvian
STIS009	semistructured-interview	00:46:09	4	PST061;PST062;PST203;PST211	italian;other	TO	_	yes	peruvian
STIS010	semistructured-interview	00:22:42	2	PST063;PST212	italian;other	TO	_	no	peruvian
STIS011	semistructured-interview	00:04:41	4	PST063;PST066;PST209;PST211	italian;other	TO	_	yes	peruvian
STIS012	semistructured-interview	00:26:58	4	PST064;PST065;PST203;PST210	italian;other	TO	_	no	peruvian
STIS013	semistructured-interview	00:46:13	4	PST072;PST211;PST212;PST213	italian	TO	_	no	peruvian
STIS014	semistructured-interview	00:57:18	4	PST073;PST211;PST212;PST213	italian;other	TO	_	yes	peruvian
STIS015	semistructured-interview	00:19:57	2	PST074;PST203	italian;other	TO	_	yes	peruvian
STIS016	semistructured-interview	01:32:40	4	PST096;PST097;PST203;PST211	italian;other	TO	_	no	peruvian
STCS004	free-conversation	00:18:12	7	PST089;PST098;PST099;PST165;PST203;PST211;PST213	italian;other	TO	_	no	peruvian
STCS005	free-conversation	00:17:49	3	PST103;PST104;PST105	italian;other	TO	_	yes	peruvian
STCS006	free-conversation	00:29:02	4	PST112;PST113;PST114;PST115	italian;other	TO	_	yes	peruvian
STCS008	free-conversation	01:27:18	6	PST096;PST122;PST123;PST124;PST125;PST127	italian;other	TO	_	yes	peruvian
STCS009	free-conversation	00:44:33	6	PST160;PST161;PST162;PST163;PST164;PST166	italian;other	TO	_	no	peruvian
STCS010	free-conversation	01:12:34	9	PST160;PST161;PST162;PST163;PST164;PST165;PST166;PST072;PST211	italian;other	TO	_	yes	peruvian
STIR011	semistructured-interview	00:17:40	3	PST034;PST211;PST212	italian	TO	_	no	romanian
STIR012	semistructured-interview	00:15:43	2	PST036;PST211	italian;other	TO	_	no	romanian
STIR013	semistructured-interview	00:25:53	3	PST039;PST212;PST213	italian;other	TO	_	no	romanian
STIR014	semistructured-interview	00:10:36	3	PST041;PST212;PST213	italian;other	TO	_	no	romanian
STIR015	semistructured-interview	00:47:21	2	PST042;PST212	italian	TO	_	no	romanian
STIR016	semistructured-interview	00:13:05	2	PST044;PST211	italian;other	TO	_	no	romanian
STIR017	semistructured-interview	00:13:56	2	PST045;PST211	italian;other	TO	_	yes	romanian
STIR018	semistructured-interview	00:19:59	2	PST046;PST211	italian	TO	_	no	romanian
STIR019	semistructured-interview	00:27:00	3	PST050;PST212;PST213	italian	TO	_	yes	romanian
STIR020	semistructured-interview	00:12:23	4	PST051;PST211;PST212;PST213	italian	TO	_	no	romanian
STIR021	semistructured-interview	00:18:42	2	PST052;PST211	italian	TO	_	yes	romanian
STIR022	semistructured-interview	00:19:56	2	PST055;PST211	italian	TO	_	yes	romanian
STIR023	semistructured-interview	00:21:43	3	PST056;PST057;PST211	italian	TO	_	no	romanian
STIR024	semistructured-interview	00:09:32	2	PST058;PST211	italian	TO	_	no	romanian
STIR025	semistructured-interview	00:27:04	3	PST059;PST211;PST212	italian	TO	_	no	romanian
STIR026	semistructured-interview	00:20:30	2	PST060;PST212	italian;other	TO	_	yes	romanian
STIR027	semistructured-interview	00:42:37	2	PST077;PST082	italian;other	TO	_	no	romanian
STIR028	semistructured-interview	00:39:36	2	PST082;PST091	italian;other	TO	_	no	romanian
STIR029	semistructured-interview	00:50:12	4	PST083;PST102;PST203;PST211	italian;other	TO	_	no	romanian
STIR030	semistructured-interview	00:36:32	3	PST092;PST094;PST203	italian;other	TO	_	no	romanian
STCR002	free-conversation	00:33:26	6	PST082;PST083;PST085;PST093;PST094;PST203	italian;other	TO	_	yes	romanian
STCR003	free-conversation	00:30:10	5	PST086;PST087;PST092;PST094;PST203	italian;other	TO	_	yes	romanian
STCR004	free-conversation	00:10:43	7	PST083;PST085;PST087;PST092;PST093;PST203;PST211	italian;other	TO	_	yes	romanian
STCR005	free-conversation	00:46:16	8	PST082;PST083;PST086;PST087;PST092;PST093;PST100;PST211	italian;other	TO	_	yes	romanian
STCR006	free-conversation	00:20:06	4	PST086;PST087;PST092;PST211	italian;other	TO	_	yes	romanian
STCR007	free-conversation	00:29:02	4	PST082;PST083;PST087;PST092	italian;other	TO	_	yes	romanian
STCR008	free-conversation	01:02:26	7	PST083;PST085;PST086;PST092;PST100;PST203;PST211	italian;other	TO	_	yes	romanian
STCR009	free-conversation	00:14:29	6	PST085;PST087;PST092;PST094;PST203;PST211	italian;other	TO	_	yes	romanian
STCR010	free-conversation	00:25:50	7	PST085;PST086;PST087;PST092;PST094;PST203;PST211	italian;other	TO	_	yes	romanian
STCR011	free-conversation	00:47:56	4	PST087;PST092;PST203;PST211	italian;other	TO	_	no	romanian
STCR012	free-conversation	00:06:00	5	PST085;PST087;PST092;PST203;PST211	italian;other	TO	_	yes	romanian
STCR013	free-conversation	00:28:12	8	PST085;PST086;PST087;PST092;PST094;PST203;PST211;PST212	italian;other	TO	_	yes	romanian
STCR014	free-conversation	00:30:50	5	PST087;PST092;PST203;PST211;PST212	italian;other	TO	_	no	romanian
STCR015	free-conversation	00:31:06	3	PST118;PST119;PST120	italian;other	TO	_	yes	romanian
STCR016	free-conversation	00:40:17	8	PST083;PST085;PST086;PST087;PST092;PST093;PST203;PST211	italian;other	TO	_	no	romanian
STCS001	free-conversation	00:47:18	5	PST047;PST048;PST067;PST068;PST069	italian;other	TO	_	yes	peruvian
STCS002	free-conversation	00:55:18	11	PST064;PST072;PST089;PST090;PST098;PST099;PST203;PST211;PST213;PST214;PST215	italian;other	TO	_	yes	peruvian
STCS003	free-conversation	01:00:16	8	PST072;PST090;PST098;PST203;PST212;PST214;PST219;PST220	italian;other	TO	_	yes	peruvian
