token_id	speaker	tu_id	unit	id	span	form	lemma	upos	xpos	feats	deprel	type	meta_label	variation	jefferson_feats	align	prolongations	pace	guesses	overlaps
0-0	PST211	0	0	0	okay.	okay	_	_	_	_	_	linguistic	_	none	Intonation=Falling	Begin=1.3|End=1.92	_	_	_	_
1-0	PST211	1	1	0	allora	allora	_	_	_	_	_	linguistic	_	none	_	Begin=2.7	_	_	_	_
1-1	PST211	1	1	1	ciao	ciao	_	_	_	_	_	linguistic	_	none	_	_	_	_	_	_
1-2	PST211	1	1	2	[innanzi]tutto	innanzitutto	_	_	_	_	_	linguistic	_	none	_	End=4.39	_	_	_	0-7(0)
2-0	PST032	2	2	0	[ciao]	ciao	_	_	_	_	_	linguistic	_	none	_	Begin=3.3|End=3.74	_	_	_	0-4(0)
3-0	PST211	3	3	0	e:::hm:	ehm	_	_	_	_	_	linguistic	_	none	_	Begin=4.61|End=5.22	0x3,2x1	_	_	_
4-0	PST211	4	4	0	visto	visto	_	_	_	_	_	linguistic	_	none	_	Begin=5.32	_	_	_	_
4-1	PST211	4	4	1	che	che	_	_	_	_	_	linguistic	_	none	_	_	_	_	_	_
4-2	PST211	4	4	2	siamo	siamo	_	_	_	_	_	linguistic	_	none	_	_	_	_	_	_
4-3	PST211	4	4	3	qui	qui	_	_	_	_	_	linguistic	_	none	_	_	_	_	_	_
4-4	PST211	4	4	4	ai	ai	_	_	_	_	_	linguistic	_	none	_	_	_	_	_	_
4-5	PST211	4	4	5	bagni	bagni	_	_	_	_	_	linguistic	_	none	_	_	_	_	_	_
4-6	PST211	4	4	6	ci	ci	_	_	_	_	_	linguistic	_	none	_	_	_	_	_	_
4-7	PST211	4	4	7	vuoi	vuoi	_	_	_	_	_	linguistic	_	none	_	_	_	_	_	_
4-8	PST211	4	4	8	raccontare	raccontare	_	_	_	_	_	linguistic	_	none	_	_	_	_	_	_
4-9	PST211	4	4	9	come:	come	_	_	_	_	_	linguistic	_	none	_	_	3x1	_	_	_
4-10	PST211	4	4	10	tu	tu	_	_	_	_	_	linguistic	_	none	_	_	_	_	_	_
4-11	PST211	4	4	11	vivi	vivi	_	_	_	_	_	linguistic	_	none	_	_	_	_	_	_
4-12	PST211	4	4	12	in	in	_	_	_	_	_	linguistic	_	none	_	_	_	_	_	_
4-13	PST211	4	4	13	questo	questo	_	_	_	_	_	linguistic	_	none	_	_	_	_	_	_
4-14	PST211	4	4	14	quartiere,	quartiere	_	_	_	_	_	linguistic	_	none	Intonation=WeaklyRising	End=9.85	_	_	_	_
5-0	PST211	5	5	0	e:::h	eh	_	_	_	_	_	linguistic	_	none	_	Begin=9.97	0x3	_	_	_
5-1	PST211	5	5	1	qui	qui	_	_	_	_	_	linguistic	_	none	_	_	_	_	_	_
5-2	PST211	5	5	2	a	a	_	_	_	_	_	linguistic	_	none	_	_	_	_	_	_
5-3	PST211	5	5	3	barriera	barriera	_	_	_	_	_	linguistic	_	none	_	_	_	_	_	_
5-4	PST211	5	5	4	da	da	_	_	_	_	_	linguistic	_	none	_	_	_	_	_	_
5-5	PST211	5	5	5	tanto	tanto	_	_	_	_	_	linguistic	_	none	_	_	_	_	_	_
5-6	PST211	5	5	6	da::	da	_	_	_	_	_	linguistic	_	none	_	_	1x2	_	_	_
5-7	PST211	5	5	7	da	da	_	_	_	_	_	linguistic	_	none	_	_	_	_	_	_
5-8	PST211	5	5	8	poco?	poco	_	_	_	_	_	linguistic	_	none	Intonation=Rising	End=13.18	_	_	_	_
6-0	PST211	6	6	0	e	e	_	_	_	_	_	linguistic	_	none	_	Begin=13.33	_	_	_	_
6-1	PST211	6	6	1	come	come	_	_	_	_	_	linguistic	_	none	_	_	_	_	_	_
6-2	PST211	6	6	2	hai	hai	_	_	_	_	_	linguistic	_	none	_	_	_	_	_	_
6-3	PST211	6	6	3	conosciuto	conosciuto	_	_	_	_	_	linguistic	_	none	_	_	_	_	_	_
6-4	PST211	6	6	4	quest'	quest'	_	_	_	_	_	linguistic	_	none	SpaceAfter=No	_	_	_	_	_
6-5	PST211	6	6	5	associazione	associazione	_	_	_	_	_	linguistic	_	none	_	_	_	_	_	_
6-6	PST211	6	6	6	e	e	_	_	_	_	_	linguistic	_	none	_	_	_	_	_	_
6-7	PST211	6	6	7	diciamo	diciamo	_	_	_	_	_	linguistic	_	none	_	_	_	_	_	_
6-8	PST211	6	6	8	che	che	_	_	_	_	_	linguistic	_	none	_	_	_	_	_	_
6-9	PST211	6	6	9	cosa::	cosa	_	_	_	_	_	linguistic	_	none	PauseAfter=Yes	_	3x2	_	_	_
6-10	PST211	6	6	10	(.)	(.)	_	_	_	_	_	shortpause	_	none	_	_	_	_	_	_
6-11	PST211	6	6	11	fai	fai	_	_	_	_	_	linguistic	_	none	_	_	_	_	_	_
6-12	PST211	6	6	12	qui.	qui	_	_	_	_	_	linguistic	_	none	Intonation=Falling	End=17.36	_	_	_	_
7-0	PST032	7	7	0	okay	okay	_	_	_	_	_	linguistic	_	none	_	Begin=17.38|End=17.98	_	_	_	_
8-0	PST032	8	8	0	allora	allora	_	_	_	_	_	linguistic	_	none	_	Begin=18.34	_	_	_	_
8-1	PST032	8	8	1	io	io	_	_	_	_	_	linguistic	_	none	_	_	_	_	_	_
8-2	PST032	8	8	2	vivo	vivo	_	_	_	_	_	linguistic	_	none	_	_	_	_	_	_
8-3	PST032	8	8	3	qua	qua	_	_	_	_	_	linguistic	_	none	_	_	_	_	_	_
8-4	PST032	8	8	4	in	in	_	_	_	_	_	linguistic	_	none	_	_	_	_	_	_
8-5	PST032	8	8	5	barriera	barriera	_	_	_	_	_	linguistic	_	none	_	_	_	_	_	_
8-6	PST032	8	8	6	da	da	_	_	_	_	_	linguistic	_	none	_	_	_	_	_	_
8-7	PST032	8	8	7	diciassette	diciassette	_	_	_	_	_	linguistic	_	none	_	_	_	_	_	_
8-8	PST032	8	8	8	anni	anni	_	_	_	_	_	linguistic	_	none	_	End=21.175	_	_	_	_
9-0	PST211	9	9	0	ah	ah	_	_	_	_	_	linguistic	_	none	_	Begin=21.175	_	_	_	_
9-1	PST211	9	9	1	ah	ah	_	_	_	_	_	linguistic	_	none	_	End=21.58	_	_	_	_
10-0	PST032	10	10	0	dal	dal	_	_	_	_	_	linguistic	_	none	_	Begin=21.58	_	_	_	_
10-1	PST032	10	10	1	duemilasei,	duemilasei	_	_	_	_	_	linguistic	_	none	Intonation=WeaklyRising	End=22.78	_	_	_	_
11-0	PST032	11	11	0	e::h	eh	_	_	_	_	_	linguistic	_	none	_	Begin=23.19	0x2	_	_	_
11-1	PST032	11	11	1	conosciuto	conosciuto	_	_	_	_	_	linguistic	_	none	_	_	_	_	_	_
11-2	PST032	11	11	2	con	con	_	_	_	_	_	linguistic	_	none	_	_	_	_	_	_
11-3	PST032	11	11	3	la	la	_	_	_	_	_	linguistic	_	none	_	_	_	_	_	_
11-4	PST032	11	11	4	bar~	bar~	_	_	_	_	_	linguistic	_	none	Interrupted=Yes	_	_	_	_	_
11-5	PST032	11	11	5	alla	alla	_	_	_	_	_	linguistic	_	none	_	_	_	_	_	_
11-6	PST032	11	11	6	barrie~	barrie~	_	_	_	_	_	linguistic	_	none	Interrupted=Yes	_	_	_	_	_
11-7	PST032	11	11	7	e:h	eh	_	_	_	_	_	linguistic	_	none	_	_	0x1	_	_	_
11-8	PST032	11	11	8	la::	la	_	_	_	_	_	linguistic	_	none	_	_	1x2	_	_	_
11-9	PST032	11	11	9	il	il	_	_	_	_	_	linguistic	_	none	_	_	_	_	_	_
11-10	PST032	11	11	10	bagni,	bagni	_	_	_	_	_	linguistic	_	none	Intonation=WeaklyRising	End=27.51	_	_	_	_
12-0	PST032	12	12	0	quando	quando	_	_	_	_	_	linguistic	_	none	_	Begin=27.98	_	_	_	_
12-1	PST032	12	12	1	tipo	tipo	_	_	_	_	_	linguistic	_	none	_	_	_	_	_	_
12-2	PST032	12	12	2	uno	uno	_	_	_	_	_	linguistic	_	none	_	_	_	_	_	_
12-3	PST032	12	12	3	ha	ha	_	_	_	_	_	linguistic	_	none	_	_	_	_	_	_
12-4	PST032	12	12	4	bisogno	bisogno	_	_	_	_	_	linguistic	_	none	_	_	_	_	_	_
12-5	PST032	12	12	5	di	di	_	_	_	_	_	linguistic	_	none	_	_	_	_	_	_
12-6	PST032	12	12	6	una	una	_	_	_	_	_	linguistic	_	none	_	_	_	_	_	_
12-7	PST032	12	12	7	mano	mano	_	_	_	_	_	linguistic	_	none	_	_	_	_	_	_
12-8	PST032	12	12	8	di	di	_	_	_	_	_	linguistic	_	none	_	_	_	_	_	_
12-9	PST032	12	12	9	qualcuno	qualcuno	_	_	_	_	_	linguistic	_	none	_	_	_	_	_	_
12-10	PST032	12	12	10	che:	che	_	_	_	_	_	linguistic	_	none	_	_	2x1	_	_	_
12-11	PST032	12	12	11	ci	ci	_	_	_	_	_	linguistic	_	none	_	_	_	_	_	_
12-12	PST032	12	12	12	scriva	scriva	_	_	_	_	_	linguistic	_	none	_	_	_	_	_	_
12-13	PST032	12	12	13	un	un	_	_	_	_	_	linguistic	_	none	_	_	_	_	_	_
12-14	PST032	12	12	14	curriculum:	curriculum	_	_	_	_	_	linguistic	_	none	_	End=33.32	9x1	_	_	_
13-0	PST032	13	13	0	mh	mh	_	_	_	_	_	linguistic	_	none	_	Begin=33.39	_	_	_	_
13-1	PST032	13	13	1	o	o	_	_	_	_	_	linguistic	_	none	_	_	_	_	_	_
13-2	PST032	13	13	2	ti	ti	_	_	_	_	_	linguistic	_	none	_	_	_	_	_	_
13-3	PST032	13	13	3	aiuta	aiuta	_	_	_	_	_	linguistic	_	none	_	_	_	_	_	_
13-4	PST032	13	13	4	per	per	_	_	_	_	_	linguistic	_	none	_	_	_	_	_	_
13-5	PST032	13	13	5	una	una	_	_	_	_	_	linguistic	_	none	_	_	_	_	_	_
13-6	PST032	13	13	6	pratica	pratica	_	_	_	_	_	linguistic	_	none	_	_	_	_	_	_
13-7	PST032	13	13	7	o	o	_	_	_	_	_	linguistic	_	none	_	_	_	_	_	_
13-8	PST032	13	13	8	qualcosa,	qualcosa	_	_	_	_	_	linguistic	_	none	Intonation=WeaklyRising	End=36.31	_	_	_	_
14-0	PST032	14	14	0	mi	mi	_	_	_	_	_	linguistic	_	none	_	Begin=37.35	_	_	_	_
14-1	PST032	14	14	1	hanno:	hanno	_	_	_	_	_	linguistic	_	none	_	_	4x1	_	_	_
14-2	PST032	14	14	2	[consigliato]	consigliato	_	_	_	_	_	linguistic	_	none	_	_	_	_	_	0-11(?)
14-3	PST032	14	14	3	degli	degli	_	_	_	_	_	linguistic	_	none	_	_	_	_	_	_
14-4	PST032	14	14	4	amica	amica	_	_	_	_	_	linguistic	_	none	_	_	_	_	_	_
14-5	PST032	14	14	5	qua:	qua	_	_	_	_	_	linguistic	_	none	_	_	2x1	_	_	_
14-6	PST032	14	14	6	e	e	_	_	_	_	_	linguistic	_	none	_	_	_	_	_	_
14-7	PST032	14	14	7	da	da	_	_	_	_	_	linguistic	_	none	_	_	_	_	_	_
14-8	PST032	14	14	8	que::l:	quel	_	_	_	_	_	linguistic	_	none	_	_	2x2,3x1	_	_	_
14-9	PST032	14	14	9	momento	momento	_	_	_	_	_	linguistic	_	none	_	_	_	_	_	_
14-10	PST032	14	14	10	là	là	_	_	_	_	_	linguistic	_	none	_	_	_	_	_	_
14-11	PST032	14	14	11	vengo	vengo	_	_	_	_	_	linguistic	_	none	_	_	_	_	_	_
14-12	PST032	14	14	12	sempre	sempre	_	_	_	_	_	linguistic	_	none	_	_	_	_	_	_
14-13	PST032	14	14	13	qui.	qui	_	_	_	_	_	linguistic	_	none	Intonation=Falling	End=42.37	_	_	_	_
15-0	PST211	15	15	0	mh	mh	_	_	_	_	_	linguistic	_	none	_	Begin=42.68	_	_	_	_
15-1	PST211	15	15	1	mh	mh	_	_	_	_	_	linguistic	_	none	_	End=43.23	_	_	_	_
16-0	PST211	16	16	0	e	e	_	_	_	_	_	linguistic	_	none	_	Begin=44.04	_	_	_	_
16-1	PST211	16	16	1	hai	hai	_	_	_	_	_	linguistic	_	none	_	_	_	_	_	_
16-2	PST211	16	16	2	vissuto	vissuto	_	_	_	_	_	linguistic	_	none	_	_	_	_	_	_
16-3	PST211	16	16	3	in	in	_	_	_	_	_	linguistic	_	none	_	_	_	_	_	_
16-4	PST211	16	16	4	altre	altre	_	_	_	_	_	linguistic	_	none	_	_	_	_	_	_
16-5	PST211	16	16	5	zone	zone	_	_	_	_	_	linguistic	_	none	_	_	_	_	_	_
16-6	PST211	16	16	6	di	di	_	_	_	_	_	linguistic	_	none	_	_	_	_	_	_
16-7	PST211	16	16	7	torino	torino	_	_	_	_	_	linguistic	_	none	_	_	_	_	_	_
16-8	PST211	16	16	8	prima	prima	_	_	_	_	_	linguistic	_	none	_	_	_	_	_	_
16-9	PST211	16	16	9	di:	di	_	_	_	_	_	linguistic	_	none	_	_	1x1	_	_	_
16-10	PST211	16	16	10	venire	venire	_	_	_	_	_	linguistic	_	none	_	_	_	_	_	_
16-11	PST211	16	16	11	qui	qui	_	_	_	_	_	linguistic	_	none	_	_	_	_	_	_
16-12	PST211	16	16	12	in	in	_	_	_	_	_	linguistic	_	none	_	_	_	_	_	_
16-13	PST211	16	16	13	barriera	barriera	_	_	_	_	_	linguistic	_	none	_	_	_	_	_	_
16-14	PST211	16	16	14	o:	o	_	_	_	_	_	linguistic	_	none	PauseAfter=Yes	_	0x1	_	_	_
16-15	PST211	16	16	15	(.)	(.)	_	_	_	_	_	shortpause	_	none	_	_	_	_	_	_
16-16	PST211	16	16	16	?	?	_	_	_	_	_	error	_	none	_	End=47.77	_	_	_	_
17-0	PST032	17	17	0	[m:::h	mh	_	_	_	_	_	linguistic	_	none	_	Begin=46.86	0x3	_	_	0-2(1)
17-1	PST032	17	17	1	no]	no	_	_	_	_	_	linguistic	_	none	_	_	_	_	_	0-2(1)
17-2	PST032	17	17	2	sempre	sempre	_	_	_	_	_	linguistic	_	none	_	_	_	_	_	_
17-3	PST032	17	17	3	torino	torino	_	_	_	_	_	linguistic	_	none	_	_	_	_	_	_
17-4	PST032	17	17	4	((sorride))	((sorride))	_	_	_	_	_	nonverbalbehavior	_	none	_	End=49.28	_	_	_	_
18-0	PST211	18	18	0	in	in	_	_	_	_	_	linguistic	_	none	_	Begin=49.28	_	_	_	_
18-1	PST211	18	18	1	altre	altre	_	_	_	_	_	linguistic	_	none	_	_	_	_	_	_
18-2	PST211	18	18	2	città?	città	_	_	_	_	_	linguistic	_	none	Intonation=Rising|PauseAfter=Yes	_	_	_	_	_
18-3	PST211	18	18	3	(.)	(.)	_	_	_	_	_	shortpause	_	none	_	_	_	_	_	_
18-4	PST211	18	18	4	[o	o	_	_	_	_	_	linguistic	_	none	_	_	_	_	_	0-1(2)
18-5	PST211	18	18	5	sei	sei	_	_	_	_	_	linguistic	_	none	_	_	_	_	_	0-3(2)
18-6	PST211	18	18	6	arrivata:	arrivata	_	_	_	_	_	linguistic	_	none	_	_	7x1	_	_	0-8(2)
18-7	PST211	18	18	7	dir]etta[mente:::]	direttamente	_	_	_	_	_	linguistic	_	none	_	End=52.35	11x3	_	_	0-3(2),7-12(3)
19-0	PST032	19	19	0	[ehm	ehm	_	_	_	_	_	linguistic	_	none	_	Begin=50.05	_	_	_	0-3(2)
19-1	PST032	19	19	1	no	no	_	_	_	_	_	linguistic	_	none	_	_	_	_	_	0-2(2)
19-2	PST032	19	19	2	no]	no	_	_	_	_	_	linguistic	_	none	_	End=51.0	_	_	_	0-2(2)
20-0	PST032	20	20	0	[direttamente]	direttamente	_	_	_	_	_	linguistic	_	none	_	Begin=51.45	_	_	_	0-12(3)
20-1	PST032	20	20	1	a	a	_	_	_	_	_	linguistic	_	none	_	_	_	_	_	_
20-2	PST032	20	20	2	torin[o::	torino	_	_	_	_	_	linguistic	_	none	_	_	5x2	_	_	5-6(4)
20-3	PST032	20	20	3	me]	me	_	_	_	_	_	linguistic	_	none	_	_	_	_	_	0-2(4)
20-4	PST032	20	20	4	piace	piace	_	_	_	_	_	linguistic	_	none	_	_	_	_	_	_
20-5	PST032	20	20	5	come	come	_	_	_	_	_	linguistic	_	none	_	_	_	_	_	_
20-6	PST032	20	20	6	città::	città	_	_	_	_	_	linguistic	_	none	_	_	4x2	_	_	_
20-7	PST032	20	20	7	e	e	_	_	_	_	_	linguistic	_	none	_	_	_	_	_	_
20-8	PST032	20	20	8	sono	sono	_	_	_	_	_	linguistic	_	none	_	_	_	_	_	_
20-9	PST032	20	20	9	stata	stata	_	_	_	_	_	linguistic	_	none	_	_	_	_	_	_
20-10	PST032	20	20	10	qui	qui	_	_	_	_	_	linguistic	_	none	_	_	_	_	_	_
20-11	PST032	20	20	11	fino	fino	_	_	_	_	_	linguistic	_	none	_	_	_	_	_	_
20-12	PST032	20	20	12	adesso.	adesso	_	_	_	_	_	linguistic	_	none	Intonation=Falling	End=56.99	_	_	_	_
21-0	PST211	21	21	0	[okay]	okay	_	_	_	_	_	linguistic	_	none	_	Begin=52.47|End=53.02	_	_	_	0-4(4)
22-0	PST211	22	22	0	mh	mh	_	_	_	_	_	linguistic	_	none	_	Begin=57.03	_	_	_	_
22-1	PST211	22	22	1	mh	mh	_	_	_	_	_	linguistic	_	none	_	_	_	_	_	_
22-2	PST211	22	22	2	quindi	quindi	_	_	_	_	_	linguistic	_	none	_	_	_	_	_	_
22-3	PST211	22	22	3	è	è	_	_	_	_	_	linguistic	_	none	_	_	_	_	_	_
22-4	PST211	22	22	4	da	da	_	_	_	_	_	linguistic	_	none	_	_	_	_	_	_
22-5	PST211	22	22	5	diciassette	diciassette	_	_	_	_	_	linguistic	_	none	_	_	_	_	_	_
22-6	PST211	22	22	6	anni	anni	_	_	_	_	_	linguistic	_	none	_	_	_	_	_	_
22-7	PST211	22	22	7	che	che	_	_	_	_	_	linguistic	_	none	_	_	_	_	_	_
22-8	PST211	22	22	8	sei::	sei	_	_	_	_	_	linguistic	_	none	_	_	2x2	_	_	_
22-9	PST211	22	22	9	in	in	_	_	_	_	_	linguistic	_	none	_	_	_	_	_	_
22-10	PST211	22	22	10	italia?	italia	_	_	_	_	_	linguistic	_	none	Intonation=Rising	End=59.76	_	_	_	_
23-0	PST032	23	23	0	sì	sì	_	_	_	_	_	linguistic	_	none	_	Begin=59.79|End=60.12	_	_	_	_
24-0	PST211	24	24	0	e	e	_	_	_	_	_	linguistic	_	none	_	Begin=60.12	_	_	_	_
24-1	PST211	24	24	1	qual	qual	_	_	_	_	_	linguistic	_	none	_	_	_	_	_	_
24-2	PST211	24	24	2	è	è	_	_	_	_	_	linguistic	_	none	_	_	_	_	_	_
24-3	PST211	24	24	3	il	il	_	_	_	_	_	linguistic	_	none	_	_	_	_	_	_
24-4	PST211	24	24	4	tuo	tuo	_	_	_	_	_	linguistic	_	none	_	_	_	_	_	_
24-5	PST211	24	24	5	paese	paese	_	_	_	_	_	linguistic	_	none	_	_	_	_	_	_
24-6	PST211	24	24	6	di	di	_	_	_	_	_	linguistic	_	none	_	_	_	_	_	_
24-7	PST211	24	24	7	origine?	origine	_	_	_	_	_	linguistic	_	none	Intonation=Rising	End=61.28	_	_	_	_
25-0	PST032	25	25	0	marocco.	marocco	_	_	_	_	_	linguistic	_	none	Intonation=Falling	Begin=61.3|End=61.96	_	_	_	_
26-0	PST211	26	26	0	okay.	okay	_	_	_	_	_	linguistic	_	none	Intonation=Falling	Begin=62.01|End=62.59	_	_	_	_
27-0	PST211	27	27	0	ehm:	ehm	_	_	_	_	_	linguistic	_	none	_	Begin=62.92	2x1	_	_	_
27-1	PST211	27	27	1	diciamo	diciamo	_	_	_	_	_	linguistic	_	none	_	_	_	_	_	_
27-2	PST211	27	27	2	c'	c'	_	_	_	_	_	linguistic	_	none	SpaceAfter=No	_	_	_	_	_
27-3	PST211	27	27	3	è	è	_	_	_	_	_	linguistic	_	none	_	_	_	_	_	_
27-4	PST211	27	27	4	qualcosa	qualcosa	_	_	_	_	_	linguistic	_	none	_	_	_	_	_	_
27-5	PST211	27	27	5	che	che	_	_	_	_	_	linguistic	_	none	_	_	_	_	_	_
27-6	PST211	27	27	6	cambieresti	cambieresti	_	_	_	_	_	linguistic	_	none	_	_	_	_	_	_
27-7	PST211	27	27	7	nel	nel	_	_	_	_	_	linguistic	_	none	_	_	_	_	_	_
27-8	PST211	27	27	8	quartiere?	quartiere	_	_	_	_	_	linguistic	_	none	Intonation=Rising	_	_	_	_	_
27-9	PST211	27	27	9	o	o	_	_	_	_	_	linguistic	_	none	_	_	_	_	_	_
27-10	PST211	27	27	10	ti	ti	_	_	_	_	_	linguistic	_	none	_	_	_	_	_	_
27-11	PST211	27	27	11	trovi::	trovi	_	_	_	_	_	linguistic	_	none	_	_	4x2	_	_	_
27-12	PST211	27	27	12	ti	ti	_	_	_	_	_	linguistic	_	none	_	_	_	_	_	_
27-13	PST211	27	27	13	trovi	trovi	_	_	_	_	_	linguistic	_	none	_	_	_	_	_	_
27-14	PST211	27	27	14	bene:	bene	_	_	_	_	_	linguistic	_	none	_	_	3x1	_	_	_
27-15	PST211	27	27	15	c'	c'	_	_	_	_	_	linguistic	_	none	SpaceAfter=No	_	_	_	_	_
27-16	PST211	27	27	16	è	è	_	_	_	_	_	linguistic	_	none	_	_	_	_	_	_
27-17	PST211	27	27	17	qualcosa	qualcosa	_	_	_	_	_	linguistic	_	none	_	_	_	_	_	_
27-18	PST211	27	27	18	che	che	_	_	_	_	_	linguistic	_	none	_	_	_	_	_	_
27-19	PST211	27	27	19	manca,	manca	_	_	_	_	_	linguistic	_	none	Intonation=WeaklyRising	End=69.55	_	_	_	_
28-0	PST032	28	28	0	ma::	ma	_	_	_	_	_	linguistic	_	none	_	Begin=69.73	1x2	_	_	_
28-1	PST032	28	28	1	trovo	trovo	_	_	_	_	_	linguistic	_	none	_	_	_	_	_	_
28-2	PST032	28	28	2	bene.	bene	_	_	_	_	_	linguistic	_	none	Intonation=Falling	End=70.75	_	_	_	_
29-0	PST211	29	29	0	okay	okay	_	_	_	_	_	linguistic	_	none	_	Begin=70.84|End=71.36	_	_	_	_
30-0	PST032	30	30	0	sì.	sì	_	_	_	_	_	linguistic	_	none	Intonation=Falling	Begin=71.57|End=71.89	_	_	_	_
31-0	PST211	31	31	0	okay	okay	_	_	_	_	_	linguistic	_	none	_	Begin=72.05|End=72.62	_	_	_	_
32-0	PST211	32	32	0	e::hm	ehm	_	_	_	_	_	linguistic	_	none	_	Begin=73.15|End=73.83	0x2	_	_	_
33-0	PST211	33	33	0	che	che	_	_	_	_	_	linguistic	_	none	_	Begin=74.98	_	_	_	_
33-1	PST211	33	33	1	lavoro	lavoro	_	_	_	_	_	linguistic	_	none	_	_	_	_	_	_
33-2	PST211	33	33	2	fai?	fai	_	_	_	_	_	linguistic	_	none	Intonation=Rising	End=75.95	_	_	_	_
34-0	PST032	34	34	0	allora::	allora	_	_	_	_	_	linguistic	_	none	PauseAfter=Yes	Begin=76.32	5x2	_	_	_
34-1	PST032	34	34	1	(.)	(.)	_	_	_	_	_	shortpause	_	none	_	_	_	_	_	_
34-2	PST032	34	34	2	lavoro	lavoro	_	_	_	_	_	linguistic	_	none	_	_	_	_	_	_
34-3	PST032	34	34	3	sui	sui	_	_	_	_	_	linguistic	_	none	_	_	_	_	_	_
34-4	PST032	34	34	4	ristorazione	ristorazione	_	_	_	_	_	linguistic	_	none	_	End=79.27	_	_	_	_
35-0	PST032	35	35	0	adesso	adesso	_	_	_	_	_	linguistic	_	none	_	Begin=79.32	_	_	_	_
35-1	PST032	35	35	1	sono	sono	_	_	_	_	_	linguistic	_	none	_	_	_	_	_	_
35-2	PST032	35	35	2	disoccupata::,	disoccupata	_	_	_	_	_	linguistic	_	none	Intonation=WeaklyRising	_	10x2	_	_	_
35-3	PST032	35	35	3	però::	però	_	_	_	_	_	linguistic	_	none	_	_	3x2	_	_	_
35-4	PST032	35	35	4	sempre::	sempre	_	_	_	_	_	linguistic	_	none	_	_	5x2	_	_	_
35-5	PST032	35	35	5	faccio	faccio	_	_	_	_	_	linguistic	_	none	_	_	_	_	_	_
35-6	PST032	35	35	6	questo	questo	_	_	_	_	_	linguistic	_	none	_	_	_	_	_	_
35-7	PST032	35	35	7	mestiere	mestiere	_	_	_	_	_	linguistic	_	none	_	_	_	_	_	_
35-8	PST032	35	35	8	sui	sui	_	_	_	_	_	linguistic	_	none	_	_	_	_	_	_
35-9	PST032	35	35	9	ristorazione	ristorazione	_	_	_	_	_	linguistic	_	none	_	End=84.74	_	_	_	_
36-0	PST211	36	36	0	mh	mh	_	_	_	_	_	linguistic	_	none	_	Begin=84.88	_	_	_	_
36-1	PST211	36	36	1	mh	mh	_	_	_	_	_	linguistic	_	none	_	End=85.24	_	_	_	_
37-0	PST211	37	37	0	e	e	_	_	_	_	_	linguistic	_	none	_	Begin=85.69	_	_	_	_
37-1	PST211	37	37	1	hai	hai	_	_	_	_	_	linguistic	_	none	_	_	_	_	_	_
37-2	PST211	37	37	2	fatto	fatto	_	_	_	_	_	linguistic	_	none	PauseAfter=Yes	_	_	_	_	_
37-3	PST211	37	37	3	(.)	(.)	_	_	_	_	_	shortpause	_	none	_	_	_	_	_	_
37-4	PST211	37	37	4	fatica	fatica	_	_	_	_	_	linguistic	_	none	_	_	_	_	_	_
37-5	PST211	37	37	5	a	a	_	_	_	_	_	linguistic	_	none	_	_	_	_	_	_
37-6	PST211	37	37	6	trovare	trovare	_	_	_	_	_	linguistic	_	none	_	_	_	_	_	_
37-7	PST211	37	37	7	lavoro	lavoro	_	_	_	_	_	linguistic	_	none	_	_	_	_	_	_
37-8	PST211	37	37	8	[quando	quando	_	_	_	_	_	linguistic	_	none	_	_	_	_	_	0-6(5)
37-9	PST211	37	37	9	sei	sei	_	_	_	_	_	linguistic	_	none	_	_	_	_	_	0-3(5)
37-10	PST211	37	37	10	arrivata:]	arrivata	_	_	_	_	_	linguistic	_	none	_	End=88.98	7x1	_	_	0-8(5)
38-0	PST032	38	38	0	[eh	eh	_	_	_	_	_	linguistic	_	none	_	Begin=87.96	_	_	_	0-2(5)
38-1	PST032	38	38	1	sì	sì	_	_	_	_	_	linguistic	_	none	_	_	_	_	_	0-2(5)
38-2	PST032	38	38	2	se	se	_	_	_	_	_	linguistic	_	none	_	_	_	_	_	0-2(5)
38-3	PST032	38	38	3	non	non	_	_	_	_	_	linguistic	_	none	_	_	_	_	_	0-3(5)
38-4	PST032	38	38	4	c'	c'	_	_	_	_	_	linguistic	_	none	SpaceAfter=No	_	_	_	_	0-2(5)
38-5	PST032	38	38	5	è]	è	_	_	_	_	_	linguistic	_	none	_	_	_	_	_	0-1(5)
38-6	PST032	38	38	6	il	il	_	_	_	_	_	linguistic	_	none	_	_	_	_	_	_
38-7	PST032	38	38	7	conosce:nte::	conoscente	_	_	_	_	_	linguistic	_	none	_	_	6x1,9x2	_	_	_
38-8	PST032	38	38	8	non	non	_	_	_	_	_	linguistic	_	none	_	_	_	_	_	_
38-9	PST032	38	38	9	trovi	trovi	_	_	_	_	_	linguistic	_	none	_	_	_	_	_	_
38-10	PST032	38	38	10	lavoro.	lavoro	_	_	_	_	_	linguistic	_	none	Intonation=Falling	End=90.79	_	_	_	_
39-0	PST211	39	39	0	ah	ah	_	_	_	_	_	linguistic	_	none	_	Begin=90.87	_	_	_	_
39-1	PST211	39	39	1	ah	ah	_	_	_	_	_	linguistic	_	none	_	End=91.35499999999999	_	_	_	_
40-0	PST032	40	40	0	se	se	_	_	_	_	_	linguistic	_	none	_	Begin=91.35499999999999	_	_	_	_
40-1	PST032	40	40	1	anche	anche	_	_	_	_	_	linguistic	_	none	_	_	_	_	_	_
40-2	PST032	40	40	2	vai	vai	_	_	_	_	_	linguistic	_	none	_	_	_	_	_	_
40-3	PST032	40	40	3	all'	all'	_	_	_	_	_	linguistic	_	none	SpaceAfter=No	_	_	_	_	_
40-4	PST032	40	40	4	agenzia	agenzia	_	_	_	_	_	linguistic	_	none	_	_	_	_	_	_
40-5	PST032	40	40	5	lasci	lasci	_	_	_	_	_	linguistic	_	none	_	_	_	_	_	_
40-6	PST032	40	40	6	il	il	_	_	_	_	_	linguistic	_	none	_	_	_	_	_	_
40-7	PST032	40	40	7	curriculum,	curriculum	_	_	_	_	_	linguistic	_	none	Intonation=WeaklyRising	_	_	_	_	_
40-8	PST032	40	40	8	nessuno	nessuno	_	_	_	_	_	linguistic	_	none	_	_	_	_	_	_
40-9	PST032	40	40	9	ti	ti	_	_	_	_	_	linguistic	_	none	_	_	_	_	_	_
40-10	PST032	40	40	10	chiama.	chiama	_	_	_	_	_	linguistic	_	none	Intonation=Falling	End=94.47	_	_	_	_
41-0	PST211	41	41	0	okay.	okay	_	_	_	_	_	linguistic	_	none	Intonation=Falling	Begin=94.53|End=95.16	_	_	_	_
42-0	PST032	42	42	0	su	su	_	_	_	_	_	linguistic	_	none	_	Begin=95.18	_	_	_	_
42-1	PST032	42	42	1	tutti	tutti	_	_	_	_	_	linguistic	_	none	_	_	_	_	_	_
42-2	PST032	42	42	2	i	i	_	_	_	_	_	linguistic	_	none	_	_	_	_	_	_
42-3	PST032	42	42	3	miei	miei	_	_	_	_	_	linguistic	_	none	_	_	_	_	_	_
42-4	PST032	42	42	4	lavori	lavori	_	_	_	_	_	linguistic	_	none	PauseAfter=Yes	_	_	_	_	_
42-5	PST032	42	42	5	(.)	(.)	_	_	_	_	_	shortpause	_	none	_	_	_	_	_	_
42-6	PST032	42	42	6	sono	sono	_	_	_	_	_	linguistic	_	none	PauseAfter=Yes	_	_	_	_	_
42-7	PST032	42	42	7	(.)	(.)	_	_	_	_	_	shortpause	_	none	_	_	_	_	_	_
42-8	PST032	42	42	8	li	li	_	_	_	_	_	linguistic	_	none	_	_	_	_	_	_
42-9	PST032	42	42	9	ho	ho	_	_	_	_	_	linguistic	_	none	_	_	_	_	_	_
42-10	PST032	42	42	10	trovati	trovati	_	_	_	_	_	linguistic	_	none	_	_	_	_	_	_
42-11	PST032	42	42	11	grazie	grazie	_	_	_	_	_	linguistic	_	none	_	_	_	_	_	_
42-12	PST032	42	42	12	a:	a	_	_	_	_	_	linguistic	_	none	PauseAfter=Yes	_	0x1	_	_	_
42-13	PST032	42	42	13	(.)	(.)	_	_	_	_	_	shortpause	_	none	_	_	_	_	_	_
42-14	PST032	42	42	14	passaparola,	passaparola	_	_	_	_	_	linguistic	_	none	Intonation=WeaklyRising	_	_	_	_	_
42-15	PST032	42	42	15	gli	gli	_	_	_	_	_	linguistic	_	none	_	_	_	_	_	_
42-16	PST032	42	42	16	amici	amici	_	_	_	_	_	linguistic	_	none	_	End=101.39	_	_	_	_
43-0	PST211	43	43	0	okay.	okay	_	_	_	_	_	linguistic	_	none	Intonation=Falling	Begin=102.01|End=102.43	_	_	_	_
44-0	PST032	44	44	0	sì.	sì	_	_	_	_	_	linguistic	_	none	Intonation=Falling	Begin=102.5|End=103.01	_	_	_	_
45-0	PST211	45	45	0	e	e	_	_	_	_	_	linguistic	_	none	_	Begin=103.02	_	_	_	_
45-1	PST211	45	45	1	quindi	quindi	_	_	_	_	_	linguistic	_	none	_	_	_	_	_	_
45-2	PST211	45	45	2	che	che	_	_	_	_	_	linguistic	_	none	_	_	_	_	_	_
45-3	PST211	45	45	3	lingue	lingue	_	_	_	_	_	linguistic	_	none	_	_	_	_	_	_
45-4	PST211	45	45	4	parli	parli	_	_	_	_	_	linguistic	_	none	_	_	_	_	_	_
45-5	PST211	45	45	5	tu?	tu	_	_	_	_	_	linguistic	_	none	Intonation=Rising	End=104.59	_	_	_	_
46-0	PST032	46	46	0	parlo	parlo	_	_	_	_	_	linguistic	_	some	_	Begin=104.7	_	_	_	_
46-1	PST032	46	46	1	#*el	el	_	_	_	_	_	linguistic	_	some	Language=NO_ISO_CODE|Variation=Doubtful	_	_	_	_	_
46-2	PST032	46	46	2	arabo	arabo	_	_	_	_	_	linguistic	_	some	_	_	_	_	_	_
46-3	PST032	46	46	3	e	e	_	_	_	_	_	linguistic	_	some	_	_	_	_	_	_
46-4	PST032	46	46	4	italiano	italiano	_	_	_	_	_	linguistic	_	some	_	End=106.64	_	_	_	_
47-0	PST211	47	47	0	okay?	okay	_	_	_	_	_	linguistic	_	none	Intonation=Rising	Begin=106.71	_	_	_	_
47-1	PST211	47	47	1	e:	e	_	_	_	_	_	linguistic	_	none	_	_	0x1	_	_	_
47-2	PST211	47	47	2	come	come	_	_	_	_	_	linguistic	_	none	_	_	_	_	_	_
47-3	PST211	47	47	3	hai	hai	_	_	_	_	_	linguistic	_	none	_	_	_	_	_	_
47-4	PST211	47	47	4	fatto	fatto	_	_	_	_	_	linguistic	_	none	_	_	_	_	_	_
47-5	PST211	47	47	5	a	a	_	_	_	_	_	linguistic	_	none	_	_	_	_	_	_
47-6	PST211	47	47	6	imparare	imparare	_	_	_	_	_	linguistic	_	none	_	_	_	_	_	_
47-7	PST211	47	47	7	l'	l'	_	_	_	_	_	linguistic	_	none	SpaceAfter=No	_	_	_	_	_
47-8	PST211	47	47	8	italiano~	italiano~	_	_	_	_	_	linguistic	_	none	Interrupted=Yes	_	_	_	_	_
47-9	PST211	47	47	9	diciamo	diciamo	_	_	_	_	_	linguistic	_	none	_	_	_	_	_	_
47-10	PST211	47	47	10	è	è	_	_	_	_	_	linguistic	_	none	_	_	_	_	_	_
47-11	PST211	47	47	11	stato	stato	_	_	_	_	_	linguistic	_	none	_	_	_	_	_	_
47-12	PST211	47	47	12	difficile,	difficile	_	_	_	_	_	linguistic	_	none	Intonation=WeaklyRising	_	_	_	_	_
47-13	PST211	47	47	13	hai:	hai	_	_	_	_	_	linguistic	_	none	_	End=112.95	2x1	_	_	_
48-0	PST212	48	48	0	okay,	okay	_	_	_	_	_	linguistic	_	none	Intonation=WeaklyRising	Begin=106.71|End=107.42	_	_	_	_
49-0	PST032	49	49	0	sì	sì	_	_	_	_	_	linguistic	_	none	_	Begin=107.44|End=107.75	_	_	_	_
50-0	PST212	50	50	0	e::	e	_	_	_	_	_	linguistic	_	none	_	Begin=107.78	0x2	_	_	_
50-1	PST212	50	50	1	come	come	_	_	_	_	_	linguistic	_	none	_	_	_	_	_	_
50-2	PST212	50	50	2	hai	hai	_	_	_	_	_	linguistic	_	none	_	_	_	_	_	_
50-3	PST212	50	50	3	fatto	fatto	_	_	_	_	_	linguistic	_	none	_	_	_	_	_	_
50-4	PST212	50	50	4	a	a	_	_	_	_	_	linguistic	_	none	_	_	_	_	_	_
50-5	PST212	50	50	5	imparare	imparare	_	_	_	_	_	linguistic	_	none	_	_	_	_	_	_
50-6	PST212	50	50	6	l'	l'	_	_	_	_	_	linguistic	_	none	SpaceAfter=No	_	_	_	_	_
50-7	PST212	50	50	7	italiano	italiano	_	_	_	_	_	linguistic	_	none	_	_	_	_	_	_
50-8	PST212	50	50	8	diciamo	diciamo	_	_	_	_	_	linguistic	_	none	_	_	_	_	_	_
50-9	PST212	50	50	9	è	è	_	_	_	_	_	linguistic	_	none	_	_	_	_	_	_
50-10	PST212	50	50	10	stato	stato	_	_	_	_	_	linguistic	_	none	_	_	_	_	_	_
50-11	PST212	50	50	11	difficile	difficile	_	_	_	_	_	linguistic	_	none	_	_	_	_	_	_
50-12	PST212	50	50	12	hai::	hai	_	_	_	_	_	linguistic	_	none	_	End=111.82	2x2	_	_	_
51-0	PST032	51	51	0	quando	quando	_	_	_	_	_	linguistic	_	none	_	Begin=111.82	_	_	_	_
51-1	PST032	51	51	1	sono	sono	_	_	_	_	_	linguistic	_	none	_	_	_	_	_	_
51-2	PST032	51	51	2	arrivata	arrivata	_	_	_	_	_	linguistic	_	none	_	_	_	_	_	_
51-3	PST032	51	51	3	sono	sono	_	_	_	_	_	linguistic	_	none	_	_	_	_	_	_
51-4	PST032	51	51	4	entrata	entrata	_	_	_	_	_	linguistic	_	none	_	_	_	_	_	_
51-5	PST032	51	51	5	a	a	_	_	_	_	_	linguistic	_	none	_	_	_	_	_	_
51-6	PST032	51	51	6	scuola,	scuola	_	_	_	_	_	linguistic	_	none	Intonation=WeaklyRising	End=114.31	_	_	_	_
52-0	PST032	52	52	0	e::::h	eh	_	_	_	_	_	linguistic	_	none	_	Begin=114.64	0x4	_	_	_
52-1	PST032	52	52	1	per	per	_	_	_	_	_	linguistic	_	none	_	_	_	_	_	_
52-2	PST032	52	52	2	imparare	imparare	_	_	_	_	_	linguistic	_	none	_	_	_	_	_	_
52-3	PST032	52	52	3	l'	l'	_	_	_	_	_	linguistic	_	none	SpaceAfter=No	_	_	_	_	_
52-4	PST032	52	52	4	italiano,	italiano	_	_	_	_	_	linguistic	_	none	Intonation=WeaklyRising	End=117.05	_	_	_	_
53-0	PST032	53	53	0	poi	poi	_	_	_	_	_	linguistic	_	none	_	Begin=117.105	_	_	_	_
53-1	PST032	53	53	1	dopo:	dopo	_	_	_	_	_	linguistic	_	none	_	_	3x1	_	_	_
53-2	PST032	53	53	2	ho	ho	_	_	_	_	_	linguistic	_	none	_	_	_	_	_	_
53-3	PST032	53	53	3	trovato	trovato	_	_	_	_	_	linguistic	_	none	_	_	_	_	_	_
53-4	PST032	53	53	4	un	un	_	_	_	_	_	linguistic	_	none	_	_	_	_	_	_
53-5	PST032	53	53	5	lavoro	lavoro	_	_	_	_	_	linguistic	_	none	_	_	_	_	_	_
53-6	PST032	53	53	6	sono	sono	_	_	_	_	_	linguistic	_	none	_	_	_	_	_	_
53-7	PST032	53	53	7	lavorata	lavorata	_	_	_	_	_	linguistic	_	none	_	_	_	_	_	_
53-8	PST032	53	53	8	solo	solo	_	_	_	_	_	linguistic	_	none	_	_	_	_	_	_
53-9	PST032	53	53	9	con	con	_	_	_	_	_	linguistic	_	none	_	_	_	_	_	_
53-10	PST032	53	53	10	gli	gli	_	_	_	_	_	linguistic	_	none	_	_	_	_	_	_
53-11	PST032	53	53	11	italiani::,	italiani	_	_	_	_	_	linguistic	_	none	Intonation=WeaklyRising	End=121.21	7x2	_	_	_
54-0	PST032	54	54	0	e:	e	_	_	_	_	_	linguistic	_	none	_	Begin=121.59	0x1	_	_	_
54-1	PST032	54	54	1	senti::	senti	_	_	_	_	_	linguistic	_	none	_	_	4x2	_	_	_
54-2	PST032	54	54	2	poi	poi	_	_	_	_	_	linguistic	_	none	_	_	_	_	_	_
54-3	PST032	54	54	3	cerchi	cerchi	_	_	_	_	_	linguistic	_	none	_	_	_	_	_	_
54-4	PST032	54	54	4	di::	di	_	_	_	_	_	linguistic	_	none	_	_	1x2	_	_	_
54-5	PST032	54	54	5	imparare:	imparare	_	_	_	_	_	linguistic	_	none	_	_	7x1	_	_	_
54-6	PST032	54	54	6	e:	e	_	_	_	_	_	linguistic	_	none	_	_	0x1	_	_	_
54-7	PST032	54	54	7	poi	poi	_	_	_	_	_	linguistic	_	none	_	_	_	_	_	_
54-8	PST032	54	54	8	così	così	_	_	_	_	_	linguistic	_	none	_	_	_	_	_	_
54-9	PST032	54	54	9	dopo	dopo	_	_	_	_	_	linguistic	_	none	_	_	_	_	_	_
54-10	PST032	54	54	10	ancora	ancora	_	_	_	_	_	linguistic	_	none	_	_	_	_	_	_
54-11	PST032	54	54	11	sono	sono	_	_	_	_	_	linguistic	_	none	_	_	_	_	_	_
54-12	PST032	54	54	12	entrata	entrata	_	_	_	_	_	linguistic	_	none	_	_	_	_	_	_
54-13	PST032	54	54	13	a::	a	_	_	_	_	_	linguistic	_	none	_	_	0x2	_	_	_
54-14	PST032	54	54	14	scuola	scuola	_	_	_	_	_	linguistic	_	none	_	_	_	_	_	_
54-15	PST032	54	54	15	per	per	_	_	_	_	_	linguistic	_	none	_	_	_	_	_	_
54-16	PST032	54	54	16	imparare	imparare	_	_	_	_	_	linguistic	_	none	_	_	_	_	_	_
54-17	PST032	54	54	17	l'	l'	_	_	_	_	_	linguistic	_	none	SpaceAfter=No	_	_	_	_	_
54-18	PST032	54	54	18	italiano	italiano	_	_	_	_	_	linguistic	_	none	_	_	_	_	_	_
54-19	PST032	54	54	19	per	per	_	_	_	_	_	linguistic	_	none	_	_	_	_	_	_
54-20	PST032	54	54	20	prendere	prendere	_	_	_	_	_	linguistic	_	none	_	_	_	_	_	_
54-21	PST032	54	54	21	anche	anche	_	_	_	_	_	linguistic	_	none	_	_	_	_	_	_
54-22	PST032	54	54	22	la:::	la	_	_	_	_	_	linguistic	_	none	_	_	1x3	_	_	_
54-23	PST032	54	54	23	terza	terza	_	_	_	_	_	linguistic	_	none	_	_	_	_	_	_
54-24	PST032	54	54	24	media,	media	_	_	_	_	_	linguistic	_	none	Intonation=WeaklyRising	End=131.9555	_	_	_	_
55-0	PST211	55	55	0	mh	mh	_	_	_	_	_	linguistic	_	none	_	Begin=131.9555	_	_	_	_
55-1	PST211	55	55	1	mh	mh	_	_	_	_	_	linguistic	_	none	_	End=132.64	_	_	_	_
56-0	PST032	56	56	0	ho	ho	_	_	_	_	_	linguistic	_	none	_	Begin=132.697	_	_	_	_
56-1	PST032	56	56	1	studiato	studiato	_	_	_	_	_	linguistic	_	none	_	_	_	_	_	_
56-2	PST032	56	56	2	tre	tre	_	_	_	_	_	linguistic	_	none	_	_	_	_	_	_
56-3	PST032	56	56	3	anni:	anni	_	_	_	_	_	linguistic	_	none	_	_	3x1	_	_	_
56-4	PST032	56	56	4	ho	ho	_	_	_	_	_	linguistic	_	none	_	_	_	_	_	_
56-5	PST032	56	56	5	preso::	preso	_	_	_	_	_	linguistic	_	none	_	_	4x2	_	_	_
56-6	PST032	56	56	6	la	la	_	_	_	_	_	linguistic	_	none	_	_	_	_	_	_
56-7	PST032	56	56	7	terza	terza	_	_	_	_	_	linguistic	_	none	_	_	_	_	_	_
56-8	PST032	56	56	8	media.	media	_	_	_	_	_	linguistic	_	none	Intonation=Falling	End=135.76	_	_	_	_
57-0	PST211	57	57	0	okay	okay	_	_	_	_	_	linguistic	_	none	_	Begin=135.76|End=136.22	_	_	_	_
58-0	PST211	58	58	0	e	e	_	_	_	_	_	linguistic	_	none	_	Begin=136.51	_	_	_	_
58-1	PST211	58	58	1	diciamo	diciamo	_	_	_	_	_	linguistic	_	none	_	_	_	_	_	_
58-2	PST211	58	58	2	ti	ti	_	_	_	_	_	linguistic	_	none	_	_	_	_	_	_
58-3	PST211	58	58	3	è	è	_	_	_	_	_	linguistic	_	none	_	_	_	_	_	_
58-4	PST211	58	58	4	stato	stato	_	_	_	_	_	linguistic	_	none	_	_	_	_	_	_
58-5	PST211	58	58	5	più	più	_	_	_	_	_	linguistic	_	none	_	_	_	_	_	_
58-6	PST211	58	58	6	utile	utile	_	_	_	_	_	linguistic	_	none	_	_	_	_	_	_
58-7	PST211	58	58	7	secondo	secondo	_	_	_	_	_	linguistic	_	none	_	_	_	_	_	_
58-8	PST211	58	58	8	te	te	_	_	_	_	_	linguistic	_	none	_	_	_	_	_	_
58-9	PST211	58	58	9	seguire	seguire	_	_	_	_	_	linguistic	_	none	_	_	_	_	_	_
58-10	PST211	58	58	10	un	un	_	_	_	_	_	linguistic	_	none	_	_	_	_	_	_
58-11	PST211	58	58	11	corso	corso	_	_	_	_	_	linguistic	_	none	_	_	_	_	_	_
58-12	PST211	58	58	12	effettivamente	effettivamente	_	_	_	_	_	linguistic	_	none	_	_	_	_	_	_
58-13	PST211	58	58	13	d'	d'	_	_	_	_	_	linguistic	_	none	SpaceAfter=No	_	_	_	_	_
58-14	PST211	58	58	14	italiano?	italiano	_	_	_	_	_	linguistic	_	none	Intonation=Rising	End=141.17	_	_	_	_
59-0	PST211	59	59	0	oppure:	oppure	_	_	_	_	_	linguistic	_	none	PauseAfter=Yes	Begin=141.25	5x1	_	_	_
59-1	PST211	59	59	1	(.)	(.)	_	_	_	_	_	shortpause	_	none	_	_	_	_	_	_
59-2	PST211	59	59	2	avere	avere	_	_	_	_	_	linguistic	_	none	_	_	_	_	_	_
59-3	PST211	59	59	3	occasioni	occasioni	_	_	_	_	_	linguistic	_	none	_	_	_	_	_	_
59-4	PST211	59	59	4	in	in	_	_	_	_	_	linguistic	_	none	_	_	_	_	_	_
59-5	PST211	59	59	5	cui	cui	_	_	_	_	_	linguistic	_	none	_	_	_	_	_	_
59-6	PST211	59	59	6	lo	lo	_	_	_	_	_	linguistic	_	none	_	_	_	_	_	_
59-7	PST211	59	59	7	parlavi:.	parlavi	_	_	_	_	_	linguistic	_	none	Intonation=Falling	End=144.46	6x1	_	_	_
60-0	PST032	60	60	0	sono	sono	_	_	_	_	_	linguistic	_	none	_	Begin=145.526	_	_	_	_
60-1	PST032	60	60	1	andata	andata	_	_	_	_	_	linguistic	_	none	_	_	_	_	_	_
60-2	PST032	60	60	2	a	a	_	_	_	_	_	linguistic	_	none	_	_	_	_	_	_
60-3	PST032	60	60	3	scuola	scuola	_	_	_	_	_	linguistic	_	none	_	_	_	_	_	_
60-4	PST032	60	60	4	e:	e	_	_	_	_	_	linguistic	_	none	_	_	0x1	_	_	_
60-5	PST032	60	60	5	sono	sono	_	_	_	_	_	linguistic	_	none	_	_	_	_	_	_
60-6	PST032	60	60	6	imparata	imparata	_	_	_	_	_	linguistic	_	none	_	_	_	_	_	_
60-7	PST032	60	60	7	anche::	anche	_	_	_	_	_	linguistic	_	none	PauseAfter=Yes	_	4x2	_	_	_
60-8	PST032	60	60	8	(.)	(.)	_	_	_	_	_	shortpause	_	none	_	_	_	_	_	_
60-9	PST032	60	60	9	mentre::	mentre	_	_	_	_	_	linguistic	_	none	_	_	5x2	_	_	_
60-10	PST032	60	60	10	tipo:	tipo	_	_	_	_	_	linguistic	_	none	_	_	3x1	_	_	_
60-11	PST032	60	60	11	lavoro	lavoro	_	_	_	_	_	linguistic	_	none	_	_	_	_	_	_
60-12	PST032	60	60	12	con	con	_	_	_	_	_	linguistic	_	none	_	_	_	_	_	_
60-13	PST032	60	60	13	gli	gli	_	_	_	_	_	linguistic	_	none	_	_	_	_	_	_
60-14	PST032	60	60	14	italiani,	italiani	_	_	_	_	_	linguistic	_	none	Intonation=WeaklyRising	End=152.09500000000003	_	_	_	_
61-0	PST211	61	61	0	mh	mh	_	_	_	_	_	linguistic	_	none	_	Begin=152.09500000000003	_	_	_	_
61-1	PST211	61	61	1	mh	mh	_	_	_	_	_	linguistic	_	none	PauseAfter=Yes	_	_	_	_	_
61-2	PST211	61	61	2	(.)	(.)	_	_	_	_	_	shortpause	_	none	_	_	_	_	_	_
61-3	PST211	61	61	3	okay.	okay	_	_	_	_	_	linguistic	_	none	Intonation=Falling	End=153.2765	_	_	_	_
62-0	PST032	62	62	0	sì.	sì	_	_	_	_	_	linguistic	_	none	Intonation=Falling	Begin=153.2765|End=153.737	_	_	_	_
63-0	PST211	63	63	0	e::hm::	ehm	_	_	_	_	_	linguistic	_	none	PauseAfter=Yes	Begin=154.24	0x2,2x2	_	_	_
63-1	PST211	63	63	1	(.)	(.)	_	_	_	_	_	shortpause	_	none	_	_	_	_	_	_
63-2	PST211	63	63	2	in	in	_	_	_	_	_	linguistic	_	none	_	_	_	_	_	_
63-3	PST211	63	63	3	casa	casa	_	_	_	_	_	linguistic	_	none	_	_	_	_	_	_
63-4	PST211	63	63	4	che	che	_	_	_	_	_	linguistic	_	none	_	_	_	_	_	_
63-5	PST211	63	63	5	lingua	lingua	_	_	_	_	_	linguistic	_	none	_	_	_	_	_	_
63-6	PST211	63	63	6	parlate.	parlate	_	_	_	_	_	linguistic	_	none	Intonation=Falling	End=157.487	_	_	_	_
64-0	PST032	64	64	0	allora	allora	_	_	_	_	_	linguistic	_	none	_	Begin=157.96	_	_	_	_
64-1	PST032	64	64	1	c'	c'	_	_	_	_	_	linguistic	_	none	SpaceAfter=No	_	_	_	_	_
64-2	PST032	64	64	2	è	è	_	_	_	_	_	linguistic	_	none	_	_	_	_	_	_
64-3	PST032	64	64	3	mio	mio	_	_	_	_	_	linguistic	_	none	_	_	_	_	_	_
64-4	PST032	64	64	4	figlio	figlio	_	_	_	_	_	linguistic	_	none	_	_	_	_	_	_
64-5	PST032	64	64	5	che	che	_	_	_	_	_	linguistic	_	none	_	_	_	_	_	_
64-6	PST032	64	64	6	è	è	_	_	_	_	_	linguistic	_	none	_	_	_	_	_	_
64-7	PST032	64	64	7	nato	nato	_	_	_	_	_	linguistic	_	none	_	_	_	_	_	_
64-8	PST032	64	64	8	qua,	qua	_	_	_	_	_	linguistic	_	none	Intonation=WeaklyRising	_	_	_	_	_
64-9	PST032	64	64	9	però::	però	_	_	_	_	_	linguistic	_	none	PauseAfter=Yes	_	3x2	_	_	_
64-10	PST032	64	64	10	(.)	(.)	_	_	_	_	_	shortpause	_	none	_	_	_	_	_	_
64-11	PST032	64	64	11	parliamo	parliamo	_	_	_	_	_	linguistic	_	none	PauseAfter=Yes	_	_	_	_	_
64-12	PST032	64	64	12	(.)	(.)	_	_	_	_	_	shortpause	_	none	_	_	_	_	_	_
64-13	PST032	64	64	13	delle	delle	_	_	_	_	_	linguistic	_	none	_	_	_	_	_	_
64-14	PST032	64	64	14	volte	volte	_	_	_	_	_	linguistic	_	none	_	_	_	_	_	_
64-15	PST032	64	64	15	l'	l'	_	_	_	_	_	linguistic	_	none	SpaceAfter=No	_	_	_	_	_
64-16	PST032	64	64	16	italiano	italiano	_	_	_	_	_	linguistic	_	none	_	_	_	_	_	_
64-17	PST032	64	64	17	e	e	_	_	_	_	_	linguistic	_	none	_	_	_	_	_	_
64-18	PST032	64	64	18	delle	delle	_	_	_	_	_	linguistic	_	none	_	_	_	_	_	_
64-19	PST032	64	64	19	volte	volte	_	_	_	_	_	linguistic	_	none	_	_	_	_	_	_
64-20	PST032	64	64	20	l'	l'	_	_	_	_	_	linguistic	_	none	SpaceAfter=No	_	_	_	_	_
64-21	PST032	64	64	21	arabo.	arabo	_	_	_	_	_	linguistic	_	none	Intonation=Falling	End=164.026	_	_	_	_
65-0	PST032	65	65	0	dipende	dipende	_	_	_	_	_	linguistic	_	none	_	Begin=164.066	_	_	_	_
65-1	PST032	65	65	1	di	di	_	_	_	_	_	linguistic	_	none	_	_	_	_	_	_
65-2	PST032	65	65	2	come	come	_	_	_	_	_	linguistic	_	none	_	_	_	_	_	_
65-3	PST032	65	65	3	loro	loro	_	_	_	_	_	linguistic	_	none	_	_	_	_	_	_
65-4	PST032	65	65	4	vogliono:	vogliono	_	_	_	_	_	linguistic	_	none	_	_	7x1	_	_	_
65-5	PST032	65	65	5	spiegare	spiegare	_	_	_	_	_	linguistic	_	none	_	_	_	_	_	_
65-6	PST032	65	65	6	le	le	_	_	_	_	_	linguistic	_	none	_	_	_	_	_	_
65-7	PST032	65	65	7	cosa	cosa	_	_	_	_	_	linguistic	_	none	_	End=167.002	_	_	_	_
66-0	PST211	66	66	0	okay	okay	_	_	_	_	_	linguistic	_	none	_	Begin=167.002|End=167.224	_	_	_	_
67-0	PST032	67	67	0	sanno:	sanno	_	_	_	_	_	linguistic	_	none	_	Begin=167.289	4x1	_	_	_
67-1	PST032	67	67	1	tutti	tutti	_	_	_	_	_	linguistic	_	none	_	_	_	_	_	_
67-2	PST032	67	67	2	lingue::	lingue	_	_	_	_	_	linguistic	_	none	_	_	5x2	_	_	_
67-3	PST032	67	67	3	l'	l'	_	_	_	_	_	linguistic	_	none	SpaceAfter=No	_	_	_	_	_
67-4	PST032	67	67	4	i~	i~	_	_	_	_	_	linguistic	_	none	Interrupted=Yes	_	_	_	_	_
67-5	PST032	67	67	5	l'	l'	_	_	_	_	_	linguistic	_	none	SpaceAfter=No	_	_	_	_	_
67-6	PST032	67	67	6	italiano	italiano	_	_	_	_	_	linguistic	_	none	_	_	_	_	_	_
67-7	PST032	67	67	7	e	e	_	_	_	_	_	linguistic	_	none	_	_	_	_	_	_
67-8	PST032	67	67	8	anche:::	anche	_	_	_	_	_	linguistic	_	none	PauseAfter=Yes	_	4x3	_	_	_
67-9	PST032	67	67	9	(.)	(.)	_	_	_	_	_	shortpause	_	none	_	_	_	_	_	_
67-10	PST032	67	67	10	l'	l'	_	_	_	_	_	linguistic	_	none	SpaceAfter=No	_	_	_	_	_
67-11	PST032	67	67	11	arabo.	arabo	_	_	_	_	_	linguistic	_	none	Intonation=Falling	End=171.079	_	_	_	_
68-0	PST211	68	68	0	l'	l'	_	_	_	_	_	linguistic	_	none	SpaceAfter=No	Begin=171.1	_	_	_	_
68-1	PST211	68	68	1	arabo	arabo	_	_	_	_	_	linguistic	_	none	_	_	_	_	_	_
68-2	PST211	68	68	2	[e	e	_	_	_	_	_	linguistic	_	none	_	_	_	_	_	0-1(10)
68-3	PST211	68	68	3	loro:],	loro	_	_	_	_	_	linguistic	_	none	Intonation=WeaklyRising	_	3x1	_	_	0-4(10)
68-4	PST211	68	68	4	durante	durante	_	_	_	_	_	linguistic	_	none	_	_	_	_	_	_
68-5	PST211	68	68	5	diciamo	diciamo	_	_	_	_	_	linguistic	_	none	_	_	_	_	_	_
68-6	PST211	68	68	6	la	la	_	_	_	_	_	linguistic	_	none	_	_	_	_	_	_
68-7	PST211	68	68	7	loro	loro	_	_	_	_	_	linguistic	_	none	_	_	_	_	_	_
68-8	PST211	68	68	8	quotidianità,	quotidianità	_	_	_	_	_	linguistic	_	none	Intonation=WeaklyRising|PauseAfter=Yes	_	_	_	_	_
68-9	PST211	68	68	9	(.)	(.)	_	_	_	_	_	shortpause	_	none	_	_	_	_	_	_
68-10	PST211	68	68	10	a	a	_	_	_	_	_	linguistic	_	none	_	_	_	_	_	_
68-11	PST211	68	68	11	scuola	scuola	_	_	_	_	_	linguistic	_	none	_	_	_	_	_	_
68-12	PST211	68	68	12	immagino	immagino	_	_	_	_	_	linguistic	_	none	_	_	_	_	_	_
68-13	PST211	68	68	13	[parlino	parlino	_	_	_	_	_	linguistic	_	none	_	_	_	_	_	0-7(11)
68-14	PST211	68	68	14	italiano].	italiano	_	_	_	_	_	linguistic	_	none	Intonation=Falling	End=176.37	_	_	_	0-8(11)
69-0	PST032	69	69	0	[sì].	sì	_	_	_	_	_	linguistic	_	none	Intonation=Falling	Begin=171.49|End=171.684	_	_	_	0-2(10)
70-0	PST032	70	70	0	[sì:	sì	_	_	_	_	_	linguistic	_	none	_	Begin=175.026	1x1	_	_	0-2(11)
70-1	PST032	70	70	1	sì	sì	_	_	_	_	_	linguistic	_	none	_	_	_	_	_	0-2(11)
70-2	PST032	70	70	2	sì]	sì	_	_	_	_	_	linguistic	_	none	_	End=176.368	_	_	_	0-2(11)
71-0	PST032	71	71	0	anche	anche	_	_	_	_	_	linguistic	_	none	_	Begin=176.71	_	_	_	_
71-1	PST032	71	71	1	a	a	_	_	_	_	_	linguistic	_	none	_	_	_	_	_	_
71-2	PST032	71	71	2	ca::sa	casa	_	_	_	_	_	linguistic	_	none	_	_	1x2	_	_	_
71-3	PST032	71	71	3	[(.)	.	_	_	_	_	_	error	_	none	_	_	_	_	_	_
71-4	PST032	71	71	4	però	però	_	_	_	_	_	linguistic	_	none	_	_	_	_	_	0-4(12)
71-5	PST032	71	71	5	solo	solo	_	_	_	_	_	linguistic	_	none	_	_	_	_	_	0-4(12)
71-6	PST032	71	71	6	più	più	_	_	_	_	_	linguistic	_	none	_	_	_	_	_	0-3(12)
71-7	PST032	71	71	7	volta]	volta	_	_	_	_	_	linguistic	_	none	_	_	_	_	_	0-5(12)
71-8	PST032	71	71	8	parlano	parlano	_	_	_	_	_	linguistic	_	none	_	_	_	_	_	_
71-9	PST032	71	71	9	come	come	_	_	_	_	_	linguistic	_	none	_	_	_	_	_	_
71-10	PST032	71	71	10	sentano	sentano	_	_	_	_	_	linguistic	_	none	_	_	_	_	_	_
71-11	PST032	71	71	11	come	come	_	_	_	_	_	linguistic	_	none	_	_	_	_	_	_
71-12	PST032	71	71	12	noi	noi	_	_	_	_	_	linguistic	_	none	_	_	_	_	_	_
71-13	PST032	71	71	13	parliamo	parliamo	_	_	_	_	_	linguistic	_	none	_	_	_	_	_	_
71-14	PST032	71	71	14	parliamo	parliamo	_	_	_	_	_	linguistic	_	none	_	_	_	_	_	_
71-15	PST032	71	71	15	nostra	nostra	_	_	_	_	_	linguistic	_	none	_	_	_	_	_	_
71-16	PST032	71	71	16	lingua	lingua	_	_	_	_	_	linguistic	_	none	_	_	_	_	_	_
71-17	PST032	71	71	17	che	che	_	_	_	_	_	linguistic	_	none	_	_	_	_	_	_
71-18	PST032	71	71	18	è	è	_	_	_	_	_	linguistic	_	none	_	_	_	_	_	_
71-19	PST032	71	71	19	più	più	_	_	_	_	_	linguistic	_	none	_	_	_	_	_	_
71-20	PST032	71	71	20	facile:	facile	_	_	_	_	_	linguistic	_	none	_	_	5x1	_	_	_
71-21	PST032	71	71	21	eh,	eh	_	_	_	_	_	linguistic	_	none	Intonation=WeaklyRising	End=184.81	_	_	_	_
72-0	PST211	72	72	0	[ah	ah	_	_	_	_	_	linguistic	_	none	_	Begin=177.6	_	_	_	0-2(12)
72-1	PST211	72	72	1	ah	ah	_	_	_	_	_	linguistic	_	none	_	_	_	_	_	0-2(12)
72-2	PST211	72	72	2	e	e	_	_	_	_	_	linguistic	_	none	_	_	_	_	_	0-1(12)
72-3	PST211	72	72	3	hanno::]	hanno	_	_	_	_	_	linguistic	_	none	_	End=179.36	4x2	_	_	0-5(12)
73-0	PST032	73	73	0	allora	allora	_	_	_	_	_	linguistic	_	none	_	Begin=184.882	_	_	_	_
73-1	PST032	73	73	1	anche	anche	_	_	_	_	_	linguistic	_	none	_	_	_	_	_	_
73-2	PST032	73	73	2	loro	loro	_	_	_	_	_	linguistic	_	none	_	_	_	_	_	_
73-3	PST032	73	73	3	sì	sì	_	_	_	_	_	linguistic	_	none	_	_	_	_	_	_
73-4	PST032	73	73	4	delle	delle	_	_	_	_	_	linguistic	_	none	_	_	_	_	_	_
73-5	PST032	73	73	5	volte	volte	_	_	_	_	_	linguistic	_	none	_	_	_	_	_	_
73-6	PST032	73	73	6	hanno	hanno	_	_	_	_	_	linguistic	_	none	_	_	_	_	_	_
73-7	PST032	73	73	7	non	non	_	_	_	_	_	linguistic	_	none	_	_	_	_	_	_
73-8	PST032	73	73	8	sanno	sanno	_	_	_	_	_	linguistic	_	none	_	_	_	_	_	_
73-9	PST032	73	73	9	spiegare	spiegare	_	_	_	_	_	linguistic	_	none	_	_	_	_	_	_
73-10	PST032	73	73	10	la	la	_	_	_	_	_	linguistic	_	none	_	_	_	_	_	_
73-11	PST032	73	73	11	cosa	cosa	_	_	_	_	_	linguistic	_	none	_	_	_	_	_	_
73-12	PST032	73	73	12	com'	com'	_	_	_	_	_	linguistic	_	none	SpaceAfter=No	_	_	_	_	_
73-13	PST032	73	73	13	è:::	è	_	_	_	_	_	linguistic	_	none	_	_	0x3	_	_	_
73-14	PST032	73	73	14	in	in	_	_	_	_	_	linguistic	_	none	_	_	_	_	_	_
73-15	PST032	73	73	15	arabo,	arabo	_	_	_	_	_	linguistic	_	none	Intonation=WeaklyRising|PauseAfter=Yes	_	_	_	_	_
73-16	PST032	73	73	16	(.)	(.)	_	_	_	_	_	shortpause	_	none	_	_	_	_	_	_
73-17	PST032	73	73	17	passano	passano	_	_	_	_	_	linguistic	_	none	_	_	_	_	_	_
73-18	PST032	73	73	18	subi[to	subito	_	_	_	_	_	linguistic	_	none	_	_	_	_	_	3-6(13)
73-19	PST032	73	73	19	perché]	perché	_	_	_	_	_	linguistic	_	none	_	_	_	_	_	0-6(13)
73-20	PST032	73	73	20	nell'	nell'	_	_	_	_	_	linguistic	_	none	SpaceAfter=No	_	_	_	_	_
73-21	PST032	73	73	21	italiano	italiano	_	_	_	_	_	linguistic	_	none	_	_	_	_	_	_
73-22	PST032	73	73	22	più	più	_	_	_	_	_	linguistic	_	none	_	_	_	_	_	_
73-23	PST032	73	73	23	facile	facile	_	_	_	_	_	linguistic	_	none	_	_	_	_	_	_
73-24	PST032	73	73	24	a:	a	_	_	_	_	_	linguistic	_	none	_	End=193.105	0x1	_	_	_
74-0	PST212	74	74	0	[mh	mh	_	_	_	_	_	linguistic	_	none	_	Begin=190.77	_	_	_	0-2(13)
74-1	PST212	74	74	1	mh]	mh	_	_	_	_	_	linguistic	_	none	_	End=191.2	_	_	_	0-2(13)
75-0	PST212	75	75	0	capita	capita	_	_	_	_	_	linguistic	_	none	_	Begin=193.13	_	_	_	_
75-1	PST212	75	75	1	ad	ad	_	_	_	_	_	linguistic	_	none	_	_	_	_	_	_
75-2	PST212	75	75	2	esempio	esempio	_	_	_	_	_	linguistic	_	none	_	_	_	_	_	_
75-3	PST212	75	75	3	che	che	_	_	_	_	_	linguistic	_	none	_	_	_	_	_	_
75-4	PST212	75	75	4	magari	magari	_	_	_	_	_	linguistic	_	none	PauseAfter=Yes	_	_	_	_	_
75-5	PST212	75	75	5	(.)	(.)	_	_	_	_	_	shortpause	_	none	_	_	_	_	_	_
75-6	PST212	75	75	6	mh:	mh	_	_	_	_	_	linguistic	_	none	PauseAfter=Yes	_	1x1	_	_	_
75-7	PST212	75	75	7	(.)	(.)	_	_	_	_	_	shortpause	_	none	_	_	_	_	_	_
75-8	PST212	75	75	8	gli	gli	_	_	_	_	_	linguistic	_	none	_	_	_	_	_	_
75-9	PST212	75	75	9	parli	parli	_	_	_	_	_	linguistic	_	none	_	_	_	_	_	_
75-10	PST212	75	75	10	in:	in	_	_	_	_	_	linguistic	_	none	_	_	1x1	_	_	_
75-11	PST212	75	75	11	[in	in	_	_	_	_	_	linguistic	_	none	_	_	_	_	_	0-2(14)
75-12	PST212	75	75	12	arabo	arabo	_	_	_	_	_	linguistic	_	none	_	_	_	_	_	0-5(14)
75-13	PST212	75	75	13	e	e	_	_	_	_	_	linguistic	_	none	_	_	_	_	_	0-1(14)
75-14	PST212	75	75	14	loro	loro	_	_	_	_	_	linguistic	_	none	_	_	_	_	_	0-4(14)
75-15	PST212	75	75	15	ti	ti	_	_	_	_	_	linguistic	_	none	_	_	_	_	_	0-2(14)
75-16	PST212	75	75	16	rispondono]	rispondono	_	_	_	_	_	linguistic	_	none	_	End=198.526	_	_	_	0-10(14)
76-0	PST032	76	76	0	[in	in	_	_	_	_	_	linguistic	_	none	_	Begin=196.45	_	_	_	0-2(14)
76-1	PST032	76	76	1	arabo	arabo	_	_	_	_	_	linguistic	_	none	_	_	_	_	_	0-5(14)
76-2	PST032	76	76	2	lui	lui	_	_	_	_	_	linguistic	_	none	_	_	_	_	_	0-3(14)
76-3	PST032	76	76	3	te~	te~	_	_	_	_	_	linguistic	_	none	Interrupted=Yes	_	_	_	_	0-3(14)
76-4	PST032	76	76	4	sì	sì	_	_	_	_	_	linguistic	_	none	_	_	_	_	_	0-2(14)
76-5	PST032	76	76	5	ti	ti	_	_	_	_	_	linguistic	_	none	_	_	_	_	_	0-2(14)
76-6	PST032	76	76	6	dici	dici	_	_	_	_	_	linguistic	_	none	_	_	_	_	_	0-4(14)
76-7	PST032	76	76	7	ma]mma	mamma	_	_	_	_	_	linguistic	_	none	_	_	_	_	_	0-2(14)
76-8	PST032	76	76	8	guarda	guarda	_	_	_	_	_	linguistic	_	none	_	_	_	_	_	_
76-9	PST032	76	76	9	questa	questa	_	_	_	_	_	linguistic	_	none	_	_	_	_	_	_
76-10	PST032	76	76	10	qua	qua	_	_	_	_	_	linguistic	_	none	_	_	_	_	_	_
76-11	PST032	76	76	11	non	non	_	_	_	_	_	linguistic	_	none	_	_	_	_	_	_
76-12	PST032	76	76	12	mi	mi	_	_	_	_	_	linguistic	_	none	_	_	_	_	_	_
76-13	PST032	76	76	13	arriva:	arriva	_	_	_	_	_	linguistic	_	none	_	_	5x1	_	_	_
76-14	PST032	76	76	14	in	in	_	_	_	_	_	linguistic	_	none	_	_	_	_	_	_
76-15	PST032	76	76	15	mente	mente	_	_	_	_	_	linguistic	_	none	_	_	_	_	_	_
76-16	PST032	76	76	16	come:	come	_	_	_	_	_	linguistic	_	none	_	_	3x1	_	_	_
76-17	PST032	76	76	17	si	si	_	_	_	_	_	linguistic	_	none	_	_	_	_	_	_
76-18	PST032	76	76	18	dici:::	dici	_	_	_	_	_	linguistic	_	none	_	_	3x3	_	_	_
76-19	PST032	76	76	19	in	in	_	_	_	_	_	linguistic	_	none	_	_	_	_	_	_
76-20	PST032	76	76	20	arabo	arabo	_	_	_	_	_	linguistic	_	none	_	_	_	_	_	_
76-21	PST032	76	76	21	capito?	capito	_	_	_	_	_	linguistic	_	none	Intonation=Rising	End=203.895	_	_	_	_
77-0	PST211	77	77	0	[mh	mh	_	_	_	_	_	linguistic	_	none	_	Begin=204.14	_	_	_	0-2(15)
77-1	PST211	77	77	1	mh].	mh	_	_	_	_	_	linguistic	_	none	Intonation=Falling	End=204.724	_	_	_	0-2(15)
78-0	PST032	78	78	0	[lo	lo	_	_	_	_	_	linguistic	_	none	_	Begin=204.158	_	_	_	0-2(15)
78-1	PST032	78	78	1	dico	dico	_	_	_	_	_	linguistic	_	none	_	_	_	_	_	0-4(15)
78-2	PST032	78	78	2	dai]	dai	_	_	_	_	_	linguistic	_	none	_	_	_	_	_	0-3(15)
78-3	PST032	78	78	3	ti:::	ti	_	_	_	_	_	linguistic	_	none	PauseAfter=Yes	_	1x3	_	_	_
78-4	PST032	78	78	4	(.)	(.)	_	_	_	_	_	shortpause	_	none	_	_	_	_	_	_
78-5	PST032	78	78	5	ti	ti	_	_	_	_	_	linguistic	_	none	_	_	_	_	_	_
78-6	PST032	78	78	6	do	do	_	_	_	_	_	linguistic	_	none	_	_	_	_	_	_
78-7	PST032	78	78	7	cinque	cinque	_	_	_	_	_	linguistic	_	none	_	_	_	_	_	_
78-8	PST032	78	78	8	euro	euro	_	_	_	_	_	linguistic	_	none	PauseAfter=Yes	_	_	_	_	_
78-9	PST032	78	78	9	(.)	(.)	_	_	_	_	_	shortpause	_	none	_	_	_	_	_	_
78-10	PST032	78	78	10	dieci	dieci	_	_	_	_	_	linguistic	_	none	_	_	_	_	_	_
78-11	PST032	78	78	11	minuti	minuti	_	_	_	_	_	linguistic	_	none	_	_	_	_	_	_
78-12	PST032	78	78	12	parli	parli	_	_	_	_	_	linguistic	_	none	_	_	_	_	_	_
78-13	PST032	78	78	13	solo	solo	_	_	_	_	_	linguistic	_	none	_	_	_	_	_	_
78-14	PST032	78	78	14	l'	l'	_	_	_	_	_	linguistic	_	none	SpaceAfter=No	_	_	_	_	_
78-15	PST032	78	78	15	arabo.	arabo	_	_	_	_	_	linguistic	_	none	Intonation=Falling	End=209.066	_	_	_	_
79-0	PST032	79	79	0	non	non	_	_	_	_	_	linguistic	_	none	_	Begin=209.118	_	_	_	_
79-1	PST032	79	79	1	voglio	voglio	_	_	_	_	_	linguistic	_	none	_	_	_	_	_	_
79-2	PST032	79	79	2	nessuna::	nessuna	_	_	_	_	_	linguistic	_	none	_	_	6x2	_	_	_
79-3	PST032	79	79	3	parola	parola	_	_	_	_	_	linguistic	_	none	_	_	_	_	_	_
79-4	PST032	79	79	4	per	per	_	_	_	_	_	linguistic	_	none	_	_	_	_	_	_
79-5	PST032	79	79	5	farlo	farlo	_	_	_	_	_	linguistic	_	none	_	_	_	_	_	_
79-6	PST032	79	79	6	piccola	piccola	_	_	_	_	_	linguistic	_	none	_	_	_	_	_	_
79-7	PST032	79	79	7	prova	prova	_	_	_	_	_	linguistic	_	none	_	_	_	_	_	_
79-8	PST032	79	79	8	lui	lui	_	_	_	_	_	linguistic	_	none	_	_	_	_	_	_
79-9	PST032	79	79	9	non	non	_	_	_	_	_	linguistic	_	none	_	_	_	_	_	_
79-10	PST032	79	79	10	riesci	riesci	_	_	_	_	_	linguistic	_	none	_	End=213.399	_	_	_	_
80-0	PST211	80	80	0	ah	ah	_	_	_	_	_	linguistic	_	none	_	Begin=213.399	_	_	_	_
80-1	PST211	80	80	1	ah.	ah	_	_	_	_	_	linguistic	_	none	Intonation=Falling	End=213.61200000000002	_	_	_	_
81-0	PST032	81	81	0	no	no	_	_	_	_	_	linguistic	_	none	_	Begin=213.61200000000002	_	_	_	_
81-1	PST032	81	81	1	no	no	_	_	_	_	_	linguistic	_	none	_	End=214.421	_	_	_	_
82-0	PST211	82	82	0	okay.	okay	_	_	_	_	_	linguistic	_	none	Intonation=Falling	Begin=214.9|End=215.5	_	_	_	_
83-0	PST032	83	83	0	ḥtta	ḥtta	_	_	_	_	_	linguistic	_	all	Language=NO_ISO_CODE	Begin=215.75	_	_	_	_
83-1	PST032	83	83	1	ana	ana	_	_	_	_	_	linguistic	_	all	Language=NO_ISO_CODE	_	_	_	_	_
83-2	PST032	83	83	2	n-mshi	n-mshi	_	_	_	_	_	linguistic	_	all	Language=NO_ISO_CODE	End=216.88	_	_	_	_
85-0	??	85	85	0	xx	xx	_	_	_	_	_	linguistic	_	all	Language=NO_ISO_CODE|Syllables=2	Begin=216.96	_	_	_	_
85-1	??	85	85	1	xx	xx	_	_	_	_	_	linguistic	_	all	Language=NO_ISO_CODE|Syllables=2	_	_	_	_	_
85-2	??	85	85	2	xx	xx	_	_	_	_	_	linguistic	_	all	Language=NO_ISO_CODE|Syllables=2	End=218.105	_	_	_	_
86-0	PST032	86	86	0	((rivolta_a_??))	((rivolta_a_??))	_	_	_	_	_	nonverbalbehavior	_	some	_	Begin=218.158	_	_	_	_
86-1	PST032	86	86	1	#a	a	_	_	_	_	_	linguistic	_	some	Language=NO_ISO_CODE|Variation=Token	_	_	_	_	_
86-2	PST032	86	86	2	#wé	wé	_	_	_	_	_	linguistic	_	some	PauseAfter=Yes|Language=NO_ISO_CODE|Variation=Token	_	_	_	_	_
86-3	PST032	86	86	3	(.)	(.)	_	_	_	_	_	shortpause	_	some	_	_	_	_	_	_
86-4	PST032	86	86	4	#rā	rā	_	_	_	_	_	linguistic	_	some	Language=NO_ISO_CODE|Variation=Token	_	_	_	_	_
86-5	PST032	86	86	5	#ghādīn	ghādīn	_	_	_	_	_	linguistic	_	some	Language=NO_ISO_CODE|Variation=Token	_	_	_	_	_
86-6	PST032	86	86	6	eh	eh	_	_	_	_	_	linguistic	_	some	_	_	_	_	_	_
86-7	PST032	86	86	7	quanto	quanto	_	_	_	_	_	linguistic	_	some	_	_	_	_	_	_
86-8	PST032	86	86	8	manca	manca	_	_	_	_	_	linguistic	_	some	_	_	_	_	_	_
86-9	PST032	86	86	9	per	per	_	_	_	_	_	linguistic	_	some	_	_	_	_	_	_
86-10	PST032	86	86	10	finire?	finire	_	_	_	_	_	linguistic	_	some	Intonation=Rising	End=221.51	_	_	_	_
88-0	PST211	88	88	0	e::h	eh	_	_	_	_	_	linguistic	_	none	_	Begin=221.52	0x2	_	_	_
88-1	PST211	88	88	1	quanto::	quanto	_	_	_	_	_	linguistic	_	none	_	End=223.03	5x2	_	_	_
89-0	PST032	89	89	0	sì	sì	_	_	_	_	_	linguistic	_	none	_	Begin=223.06	_	_	_	_
89-1	PST032	89	89	1	perché	perché	_	_	_	_	_	linguistic	_	none	_	_	_	_	_	_
89-2	PST032	89	89	2	la~	la~	_	_	_	_	_	linguistic	_	none	Interrupted=Yes	_	_	_	_	_
89-3	PST032	89	89	3	volevo	volevo	_	_	_	_	_	linguistic	_	none	_	_	_	_	_	_
89-4	PST032	89	89	4	andare	andare	_	_	_	_	_	linguistic	_	none	_	_	_	_	_	_
89-5	PST032	89	89	5	con	con	_	_	_	_	_	linguistic	_	none	_	_	_	_	_	_
89-6	PST032	89	89	6	lei	lei	_	_	_	_	_	linguistic	_	none	_	_	_	_	_	_
89-7	PST032	89	89	7	s:ta	sta	_	_	_	_	_	linguistic	_	none	_	_	0x1	_	_	_
89-8	PST032	89	89	8	andando	andando	_	_	_	_	_	linguistic	_	none	_	_	_	_	_	_
89-9	PST032	89	89	9	anche	anche	_	_	_	_	_	linguistic	_	none	_	_	_	_	_	_
89-10	PST032	89	89	10	fino	fino	_	_	_	_	_	linguistic	_	none	_	_	_	_	_	_
89-11	PST032	89	89	11	svizzera	svizzera	_	_	_	_	_	linguistic	_	none	_	_	_	_	_	_
89-12	PST032	89	89	12	che	che	_	_	_	_	_	linguistic	_	none	_	_	_	_	_	_
89-13	PST032	89	89	13	il	il	_	_	_	_	_	linguistic	_	none	_	_	_	_	_	_
89-14	PST032	89	89	14	pullman	pullman	_	_	_	_	_	linguistic	_	none	_	_	_	_	_	_
89-15	PST032	89	89	15	mi	mi	_	_	_	_	_	linguistic	_	none	_	_	_	_	_	_
89-16	PST032	89	89	16	passa	passa	_	_	_	_	_	linguistic	_	none	_	End=228.32	_	_	_	_
90-0	PST211	90	90	0	[okay	okay	_	_	_	_	_	linguistic	_	none	_	Begin=227.25	_	_	_	0-4(16)
90-1	PST211	90	90	1	allora	allora	_	_	_	_	_	linguistic	_	none	_	_	_	_	_	0-6(16)
90-2	PST211	90	90	2	l'	l'	_	_	_	_	_	linguistic	_	none	SpaceAfter=No	_	_	_	_	0-2(16)
90-3	PST211	90	90	3	ultima]	ultima	_	_	_	_	_	linguistic	_	none	_	_	_	_	_	0-6(16)
90-4	PST211	90	90	4	cosa~	cosa~	_	_	_	_	_	linguistic	_	none	Interrupted=Yes	_	_	_	_	_
90-5	PST211	90	90	5	e:	e	_	_	_	_	_	linguistic	_	none	_	_	0x1	_	_	_
90-6	PST211	90	90	6	i	i	_	_	_	_	_	linguistic	_	none	_	_	_	_	_	_
90-7	PST211	90	90	7	tuoi	tuoi	_	_	_	_	_	linguistic	_	none	_	_	_	_	_	_
90-8	PST211	90	90	8	figli	figli	_	_	_	_	_	linguistic	_	none	_	_	_	_	_	_
90-9	PST211	90	90	9	ne	ne	_	_	_	_	_	linguistic	_	none	_	_	_	_	_	_
90-10	PST211	90	90	10	hai	hai	_	_	_	_	_	linguistic	_	none	_	_	_	_	_	_
90-11	PST211	90	90	11	uno	uno	_	_	_	_	_	linguistic	_	none	_	_	_	_	_	_
90-12	PST211	90	90	12	o	o	_	_	_	_	_	linguistic	_	none	_	_	_	_	_	_
90-13	PST211	90	90	13	ne	ne	_	_	_	_	_	linguistic	_	none	_	_	_	_	_	_
90-14	PST211	90	90	14	hai:	hai	_	_	_	_	_	linguistic	_	none	_	End=230.46	2x1	_	_	_
91-0	PST032	91	91	0	uno	uno	_	_	_	_	_	linguistic	_	none	_	Begin=230.513|End=230.829	_	_	_	_
92-0	PST211	92	92	0	uno	uno	_	_	_	_	_	linguistic	_	none	_	Begin=230.842	_	_	_	_
92-1	PST211	92	92	1	okay.	okay	_	_	_	_	_	linguistic	_	none	Intonation=Falling	_	_	_	_	_
92-2	PST211	92	92	2	tuo	tuo	_	_	_	_	_	linguistic	_	none	_	_	_	_	_	_
92-3	PST211	92	92	3	figlio	figlio	_	_	_	_	_	linguistic	_	none	_	_	_	_	_	_
92-4	PST211	92	92	4	[ha	ha	_	_	_	_	_	linguistic	_	none	_	_	_	_	_	0-2(17)
92-5	PST211	92	92	5	altre]	altre	_	_	_	_	_	linguistic	_	none	_	_	_	_	_	0-5(17)
92-6	PST211	92	92	6	occasioni	occasioni	_	_	_	_	_	linguistic	_	none	_	_	_	_	_	_
92-7	PST211	92	92	7	in	in	_	_	_	_	_	linguistic	_	none	_	_	_	_	_	_
92-8	PST211	92	92	8	cui	cui	_	_	_	_	_	linguistic	_	none	_	_	_	_	_	_
92-9	PST211	92	92	9	parla	parla	_	_	_	_	_	linguistic	_	none	_	_	_	_	_	_
92-10	PST211	92	92	10	arabo	arabo	_	_	_	_	_	linguistic	_	none	_	_	_	_	_	_
92-11	PST211	92	92	11	fuori	fuori	_	_	_	_	_	linguistic	_	none	_	_	_	_	_	_
92-12	PST211	92	92	12	da	da	_	_	_	_	_	linguistic	_	none	_	_	_	_	_	_
92-13	PST211	92	92	13	casa	casa	_	_	_	_	_	linguistic	_	none	_	_	_	_	_	_
92-14	PST211	92	92	14	con:	con	_	_	_	_	_	linguistic	_	none	_	_	2x1	_	_	_
92-15	PST211	92	92	15	con	con	_	_	_	_	_	linguistic	_	none	_	_	_	_	_	_
92-16	PST211	92	92	16	amici?	amici	_	_	_	_	_	linguistic	_	none	Intonation=Rising	End=235.25	_	_	_	_
93-0	PST032	93	93	0	[sì]	sì	_	_	_	_	_	linguistic	_	none	_	Begin=231.539|End=232.0	_	_	_	0-2(17)
94-0	PST032	94	94	0	sì	sì	_	_	_	_	_	linguistic	_	none	_	Begin=235.263	_	_	_	_
94-1	PST032	94	94	1	con	con	_	_	_	_	_	linguistic	_	none	_	_	_	_	_	_
94-2	PST032	94	94	2	gli	gli	_	_	_	_	_	linguistic	_	none	_	_	_	_	_	_
94-3	PST032	94	94	3	amici	amici	_	_	_	_	_	linguistic	_	none	_	_	_	_	_	_
94-4	PST032	94	94	4	però	però	_	_	_	_	_	linguistic	_	none	_	_	_	_	_	_
94-5	PST032	94	94	5	parlano	parlano	_	_	_	_	_	linguistic	_	none	_	_	_	_	_	_
94-6	PST032	94	94	6	più	più	_	_	_	_	_	linguistic	_	none	_	_	_	_	_	_
94-7	PST032	94	94	7	italiano	italiano	_	_	_	_	_	linguistic	_	none	_	End=237.658	_	_	_	_
95-0	PST211	95	95	0	[okay]	okay	_	_	_	_	_	linguistic	_	none	_	Begin=238.026|End=238.434	_	_	_	0-4(18)
96-0	PST032	96	96	0	[però	però	_	_	_	_	_	linguistic	_	none	_	Begin=238.039	_	_	_	0-4(18)
96-1	PST032	96	96	1	quando	quando	_	_	_	_	_	linguistic	_	none	_	_	_	_	_	0-6(18)
96-2	PST032	96	96	2	vanno]	vanno	_	_	_	_	_	linguistic	_	none	_	_	_	_	_	0-5(18)
96-3	PST032	96	96	3	in	in	_	_	_	_	_	linguistic	_	none	_	_	_	_	_	_
96-4	PST032	96	96	4	marocco	marocco	_	_	_	_	_	linguistic	_	none	_	_	_	_	_	_
96-5	PST032	96	96	5	dimenticano	dimenticano	_	_	_	_	_	linguistic	_	none	_	_	_	_	_	_
96-6	PST032	96	96	6	l'	l'	_	_	_	_	_	linguistic	_	none	SpaceAfter=No	_	_	_	_	_
96-7	PST032	96	96	7	italia[no	italiano	_	_	_	_	_	linguistic	_	none	_	_	_	_	_	5-8(19)
96-8	PST032	96	96	8	diventano	diventano	_	_	_	_	_	linguistic	_	none	_	_	_	_	_	0-9(19)
96-9	PST032	96	96	9	vera]mente	veramente	_	_	_	_	_	linguistic	_	none	_	_	_	_	_	0-4(19)
96-10	PST032	96	96	10	$uni	uni	_	_	_	_	_	linguistic	_	none	Orthography=Yes|Variation=Emerging	_	_	_	_	_
96-11	PST032	96	96	11	che	che	_	_	_	_	_	linguistic	_	none	_	_	_	_	_	_
96-12	PST032	96	96	12	sono:::	sono	_	_	_	_	_	linguistic	_	none	_	_	3x3	_	_	_
96-13	PST032	96	96	13	grandi	grandi	_	_	_	_	_	linguistic	_	none	_	_	_	_	_	_
96-14	PST032	96	96	14	a	a	_	_	_	_	_	linguistic	_	none	_	_	_	_	_	_
96-15	PST032	96	96	15	parlare	parlare	_	_	_	_	_	linguistic	_	none	_	_	_	_	_	_
96-16	PST032	96	96	16	l'	l'	_	_	_	_	_	linguistic	_	none	SpaceAfter=No	_	_	_	_	_
96-17	PST032	96	96	17	arabo	arabo	_	_	_	_	_	linguistic	_	none	_	_	_	_	_	_
96-18	PST032	96	96	18	come	come	_	_	_	_	_	linguistic	_	none	_	_	_	_	_	_
96-19	PST032	96	96	19	non	non	_	_	_	_	_	linguistic	_	none	_	_	_	_	_	_
96-20	PST032	96	96	20	sono	sono	_	_	_	_	_	linguistic	_	none	_	_	_	_	_	_
96-21	PST032	96	96	21	neanche	neanche	_	_	_	_	_	linguistic	_	none	_	_	_	_	_	_
96-22	PST032	96	96	22	nati	nati	_	_	_	_	_	linguistic	_	none	_	_	_	_	_	_
96-23	PST032	96	96	23	in	in	_	_	_	_	_	linguistic	_	none	_	_	_	_	_	_
96-24	PST032	96	96	24	italia	italia	_	_	_	_	_	linguistic	_	none	_	End=246.38	_	_	_	_
97-0	PST211	97	97	0	[a::h]?	ah	_	_	_	_	_	linguistic	_	none	Intonation=Rising	Begin=240.02|End=240.9	0x2	_	_	0-2(19)
98-0	PST211	98	98	0	a:h	ah	_	_	_	_	_	linguistic	_	none	_	Begin=246.66	0x1	_	_	_
98-1	PST211	98	98	1	[fantastico]	fantastico	_	_	_	_	_	linguistic	_	none	_	End=247.73	_	_	_	0-10(20)
99-0	PST032	99	99	0	[sì	sì	_	_	_	_	_	linguistic	_	none	_	Begin=246.961	_	_	_	0-2(20)
99-1	PST032	99	99	1	sì]	sì	_	_	_	_	_	linguistic	_	none	PauseAfter=Yes	_	_	_	_	0-2(20)
99-2	PST032	99	99	2	(.)	(.)	_	_	_	_	_	shortpause	_	none	_	_	_	_	_	_
99-3	PST032	99	99	3	con	con	_	_	_	_	_	linguistic	_	none	_	_	_	_	_	_
99-4	PST032	99	99	4	gli	gli	_	_	_	_	_	linguistic	_	none	_	_	_	_	_	_
99-5	PST032	99	99	5	amici	amici	_	_	_	_	_	linguistic	_	none	_	_	_	_	_	_
99-6	PST032	99	99	6	col	col	_	_	_	_	_	linguistic	_	none	_	_	_	_	_	_
99-7	PST032	99	99	7	vicini	vicini	_	_	_	_	_	linguistic	_	none	_	_	_	_	_	_
99-8	PST032	99	99	8	dimenticano	dimenticano	_	_	_	_	_	linguistic	_	none	_	_	_	_	_	_
99-9	PST032	99	99	9	la	la	_	_	_	_	_	linguistic	_	none	_	_	_	_	_	_
99-10	PST032	99	99	10	lingua.	lingua	_	_	_	_	_	linguistic	_	none	Intonation=Falling	End=251.32	_	_	_	_
100-0	PST032	100	100	0	automatico	automatico	_	_	_	_	_	linguistic	_	none	_	Begin=251.46	_	_	_	_
100-1	PST032	100	100	1	fanno	fanno	_	_	_	_	_	linguistic	_	none	_	_	_	_	_	_
100-2	PST032	100	100	2	xxx	xxx	_	_	_	_	_	unknown	_	none	Syllables=3	_	_	_	_	_
100-3	PST032	100	100	3	poi	poi	_	_	_	_	_	linguistic	_	none	_	_	_	_	_	_
100-4	PST032	100	100	4	imparano	imparano	_	_	_	_	_	linguistic	_	none	_	_	_	_	_	_
100-5	PST032	100	100	5	di	di	_	_	_	_	_	linguistic	_	none	_	_	_	_	_	_
100-6	PST032	100	100	6	più	più	_	_	_	_	_	linguistic	_	none	_	_	_	_	_	_
100-7	PST032	100	100	7	poi	poi	_	_	_	_	_	linguistic	_	none	_	_	_	_	_	_
100-8	PST032	100	100	8	anche	anche	_	_	_	_	_	linguistic	_	none	_	_	_	_	_	_
100-9	PST032	100	100	9	parlano	parlano	_	_	_	_	_	linguistic	_	none	_	_	_	_	_	_
100-10	PST032	100	100	10	di	di	_	_	_	_	_	linguistic	_	none	_	_	_	_	_	_
100-11	PST032	100	100	11	più	più	_	_	_	_	_	linguistic	_	none	_	_	_	_	_	_
100-12	PST032	100	100	12	l'	l'	_	_	_	_	_	linguistic	_	none	SpaceAfter=No	_	_	_	_	_
100-13	PST032	100	100	13	arabo	arabo	_	_	_	_	_	linguistic	_	none	_	_	_	_	_	_
100-14	PST032	100	100	14	quando	quando	_	_	_	_	_	linguistic	_	none	_	_	_	_	_	_
100-15	PST032	100	100	15	sono	sono	_	_	_	_	_	linguistic	_	none	_	_	_	_	_	_
100-16	PST032	100	100	16	lì.	lì	_	_	_	_	_	linguistic	_	none	Intonation=Falling	End=257.12	_	_	_	_
101-0	PST211	101	101	0	ah	ah	_	_	_	_	_	linguistic	_	none	_	Begin=257.24	_	_	_	_
101-1	PST211	101	101	1	ah	ah	_	_	_	_	_	linguistic	_	none	_	End=257.66	_	_	_	_
102-0	PST211	102	102	0	e	e	_	_	_	_	_	linguistic	_	none	_	Begin=257.829	_	_	_	_
102-1	PST211	102	102	1	[quando	quando	_	_	_	_	_	linguistic	_	none	_	_	_	_	_	0-6(21)
102-2	PST211	102	102	2	torna]no	tornano	_	_	_	_	_	linguistic	_	none	_	_	_	_	_	0-5(21)
102-3	PST211	102	102	3	in	in	_	_	_	_	_	linguistic	_	none	_	_	_	_	_	_
102-4	PST211	102	102	4	italia	italia	_	_	_	_	_	linguistic	_	none	_	_	_	_	_	_
102-5	PST211	102	102	5	poi	poi	_	_	_	_	_	linguistic	_	none	PauseAfter=Yes	_	_	_	_	_
102-6	PST211	102	102	6	(.)	(.)	_	_	_	_	_	shortpause	_	none	_	_	_	_	_	_
102-7	PST211	102	102	7	fanno	fanno	_	_	_	_	_	linguistic	_	none	_	_	_	_	_	_
102-8	PST211	102	102	8	fatica?	fatica	_	_	_	_	_	linguistic	_	none	Intonation=Rising	End=260.197	_	_	_	_
103-0	PST032	103	103	0	[sì].	sì	_	_	_	_	_	linguistic	_	none	Intonation=Falling	Begin=258.079|End=258.474	_	_	_	0-2(21)
104-0	PST032	104	104	0	no	no	_	_	_	_	_	linguistic	_	none	_	Begin=260.566	_	_	_	_
104-1	PST032	104	104	1	no.	no	_	_	_	_	_	linguistic	_	none	Intonation=Falling	End=261.3425	_	_	_	_
105-0	PST211	105	105	0	no	no	_	_	_	_	_	linguistic	_	none	_	Begin=261.3425|End=261.64	_	_	_	_
106-0	PST032	106	106	0	perché	perché	_	_	_	_	_	linguistic	_	none	_	Begin=261.64	_	_	_	_
106-1	PST032	106	106	1	sono	sono	_	_	_	_	_	linguistic	_	none	_	_	_	_	_	_
106-2	PST032	106	106	2	nati	nati	_	_	_	_	_	linguistic	_	none	_	_	_	_	_	_
106-3	PST032	106	106	3	qua.	qua	_	_	_	_	_	linguistic	_	none	Intonation=Falling	End=262.59450000000004	_	_	_	_
107-0	PST211	107	107	0	e:h	eh	_	_	_	_	_	linguistic	_	none	_	Begin=262.59450000000004|End=262.868	0x1	_	_	_
108-0	PST211	108	108	0	[okay]	okay	_	_	_	_	_	linguistic	_	none	_	Begin=263.15|End=263.7	_	_	_	0-4(22)
109-0	PST032	109	109	0	[no	no	_	_	_	_	_	linguistic	_	none	_	Begin=263.16	_	_	_	0-2(22)
109-1	PST032	109	109	1	no	no	_	_	_	_	_	linguistic	_	none	_	_	_	_	_	0-2(22)
109-2	PST032	109	109	2	non	non	_	_	_	_	_	linguistic	_	none	_	_	_	_	_	0-3(22)
109-3	PST032	109	109	3	hanno]	hanno	_	_	_	_	_	linguistic	_	none	_	_	_	_	_	0-5(22)
109-4	PST032	109	109	4	quel	quel	_	_	_	_	_	linguistic	_	none	_	_	_	_	_	_
109-5	PST032	109	109	5	eh	eh	_	_	_	_	_	linguistic	_	none	_	_	_	_	_	_
109-6	PST032	109	109	6	problema	problema	_	_	_	_	_	linguistic	_	none	_	_	_	_	_	_
109-7	PST032	109	109	7	lì	lì	_	_	_	_	_	linguistic	_	none	_	_	_	_	_	_
109-8	PST032	109	109	8	no	no	_	_	_	_	_	linguistic	_	none	_	End=265.18	_	_	_	_
110-0	PST211	110	110	0	okay	okay	_	_	_	_	_	linguistic	_	none	_	Begin=265.316|End=265.895	_	_	_	_
111-0	PST212	111	111	0	ma	ma	_	_	_	_	_	linguistic	_	none	_	Begin=265.895	_	_	_	_
111-1	PST212	111	111	1	e	e	_	_	_	_	_	linguistic	_	none	_	_	_	_	_	_
111-2	PST212	111	111	2	lo	lo	_	_	_	_	_	linguistic	_	none	_	_	_	_	_	_
111-3	PST212	111	111	3	stanno	stanno	_	_	_	_	_	linguistic	_	none	_	_	_	_	_	_
111-4	PST212	111	111	4	imparando	imparando	_	_	_	_	_	linguistic	_	none	_	_	_	_	_	_
111-5	PST212	111	111	5	anche	anche	_	_	_	_	_	linguistic	_	none	_	_	_	_	_	_
111-6	PST212	111	111	6	a	a	_	_	_	_	_	linguistic	_	none	_	_	_	_	_	_
111-7	PST212	111	111	7	scrivere	scrivere	_	_	_	_	_	linguistic	_	none	PauseAfter=Yes	_	_	_	_	_
111-8	PST212	111	111	8	(.)	(.)	_	_	_	_	_	shortpause	_	none	_	_	_	_	_	_
111-9	PST212	111	111	9	l'	l'	_	_	_	_	_	linguistic	_	none	SpaceAfter=No	_	_	_	_	_
111-10	PST212	111	111	10	arabo?	arabo	_	_	_	_	_	linguistic	_	none	Intonation=Rising	End=268.316	_	_	_	_
112-0	PST032	112	112	0	s:::ì:,	sì	_	_	_	_	_	linguistic	_	none	Intonation=WeaklyRising	Begin=268.07	0x3,1x1	_	_	_
112-1	PST032	112	112	1	mio	mio	_	_	_	_	_	linguistic	_	none	_	_	_	_	_	_
112-2	PST032	112	112	2	figlio	figlio	_	_	_	_	_	linguistic	_	none	_	_	_	_	_	_
112-3	PST032	112	112	3	lo	lo	_	_	_	_	_	linguistic	_	none	_	_	_	_	_	_
112-4	PST032	112	112	4	mh	mh	_	_	_	_	_	linguistic	_	none	_	_	_	_	_	_
112-5	PST032	112	112	5	porto	porto	_	_	_	_	_	linguistic	_	none	_	_	_	_	_	_
112-6	PST032	112	112	6	alla	alla	_	_	_	_	_	linguistic	_	none	_	_	_	_	_	_
112-7	PST032	112	112	7	moschea,	moschea	_	_	_	_	_	linguistic	_	none	Intonation=WeaklyRising	End=270.42	_	_	_	_
113-0	PST212	113	113	0	°ah°	ah	_	_	_	_	_	linguistic	_	none	Volume=low	Begin=270.95|End=271.38	_	_	_	_
114-0	PST032	114	114	0	per	per	_	_	_	_	_	linguistic	_	none	_	Begin=271.5	_	_	_	_
114-1	PST032	114	114	1	imparare	imparare	_	_	_	_	_	linguistic	_	none	_	_	_	_	_	_
114-2	PST032	114	114	2	a	a	_	_	_	_	_	linguistic	_	none	_	_	_	_	_	_
114-3	PST032	114	114	3	leggere,	leggere	_	_	_	_	_	linguistic	_	none	Intonation=WeaklyRising	End=272.68	_	_	_	_
115-0	PST032	115	115	0	anche	anche	_	_	_	_	_	linguistic	_	none	_	Begin=272.75	_	_	_	_
115-1	PST032	115	115	1	lo	lo	_	_	_	_	_	linguistic	_	none	_	_	_	_	_	_
115-2	PST032	115	115	2	porto:	porto	_	_	_	_	_	linguistic	_	none	_	_	4x1	_	_	_
115-3	PST032	115	115	3	tipo	tipo	_	_	_	_	_	linguistic	_	none	_	_	_	_	_	_
115-4	PST032	115	115	4	a	a	_	_	_	_	_	linguistic	_	none	_	_	_	_	_	_
115-5	PST032	115	115	5	via	via	_	_	_	_	_	linguistic	_	none	_	_	_	_	_	_
115-6	PST032	115	115	6	leoncavallo	leoncavallo	_	_	_	_	_	linguistic	_	none	_	_	_	_	_	_
115-7	PST032	115	115	7	c'	c'	_	_	_	_	_	linguistic	_	none	SpaceAfter=No	_	_	_	_	_
115-8	PST032	115	115	8	è	è	_	_	_	_	_	linguistic	_	none	_	_	_	_	_	_
115-9	PST032	115	115	9	d~	d~	_	_	_	_	_	linguistic	_	none	Interrupted=Yes	_	_	_	_	_
115-10	PST032	115	115	10	la~	la~	_	_	_	_	_	linguistic	_	none	Interrupted=Yes	_	_	_	_	_
115-11	PST032	115	115	11	la	la	_	_	_	_	_	linguistic	_	none	_	_	_	_	_	_
115-12	PST032	115	115	12	doppia	doppia	_	_	_	_	_	linguistic	_	none	_	_	_	_	_	_
115-13	PST032	115	115	13	scuola,	scuola	_	_	_	_	_	linguistic	_	none	Intonation=WeaklyRising	End=276.94	_	_	_	_
116-0	PST032	116	116	0	le:	le	_	_	_	_	_	linguistic	_	none	PauseAfter=Yes	Begin=276.97	1x1	_	_	_
116-1	PST032	116	116	1	(.)	(.)	_	_	_	_	_	shortpause	_	none	_	_	_	_	_	_
116-2	PST032	116	116	2	le:	le	_	_	_	_	_	linguistic	_	none	_	_	1x1	_	_	_
116-3	PST032	116	116	3	imparano	imparano	_	_	_	_	_	linguistic	_	none	_	_	_	_	_	_
116-4	PST032	116	116	4	anche	anche	_	_	_	_	_	linguistic	_	none	_	_	_	_	_	_
116-5	PST032	116	116	5	lì	lì	_	_	_	_	_	linguistic	_	none	_	_	_	_	_	_
116-6	PST032	116	116	6	a	a	_	_	_	_	_	linguistic	_	none	_	_	_	_	_	_
116-7	PST032	116	116	7	scrivere	scrivere	_	_	_	_	_	linguistic	_	none	PauseAfter=Yes	_	_	_	_	_
116-8	PST032	116	116	8	(.)	(.)	_	_	_	_	_	shortpause	_	none	_	_	_	_	_	_
116-9	PST032	116	116	9	a	a	_	_	_	_	_	linguistic	_	none	_	_	_	_	_	_
116-10	PST032	116	116	10	leggere	leggere	_	_	_	_	_	linguistic	_	none	_	_	_	_	_	_
116-11	PST032	116	116	11	e	e	_	_	_	_	_	linguistic	_	none	_	_	_	_	_	_
116-12	PST032	116	116	12	scrivere.	scrivere	_	_	_	_	_	linguistic	_	none	Intonation=Falling	End=281.33	_	_	_	_
117-0	PST211	117	117	0	mh	mh	_	_	_	_	_	linguistic	_	none	_	Begin=281.41	_	_	_	_
117-1	PST211	117	117	1	mh.	mh	_	_	_	_	_	linguistic	_	none	Intonation=Falling	End=281.87	_	_	_	_
118-0	PST032	118	118	0	almeno	almeno	_	_	_	_	_	linguistic	_	none	_	Begin=281.91	_	_	_	_
118-1	PST032	118	118	1	così	così	_	_	_	_	_	linguistic	_	none	_	_	_	_	_	_
118-2	PST032	118	118	2	gli	gli	_	_	_	_	_	linguistic	_	none	_	_	_	_	_	_
118-3	PST032	118	118	3	servono	servono	_	_	_	_	_	linguistic	_	none	_	_	_	_	_	_
118-4	PST032	118	118	4	[nel	nel	_	_	_	_	_	linguistic	_	none	_	_	_	_	_	0-3(24)
118-5	PST032	118	118	5	futuro]	futuro	_	_	_	_	_	linguistic	_	none	_	End=283.85	_	_	_	0-6(24)
119-0	PST211	119	119	0	[eh	eh	_	_	_	_	_	linguistic	_	none	_	Begin=283.25	_	_	_	0-2(24)
119-1	PST211	119	119	1	certo]	certo	_	_	_	_	_	linguistic	_	none	PauseAfter=Yes	_	_	_	_	0-5(24)
119-2	PST211	119	119	2	(.)	(.)	_	_	_	_	_	shortpause	_	none	_	_	_	_	_	_
119-3	PST211	119	119	3	[assoluta]mente	assolutamente	_	_	_	_	_	linguistic	_	none	_	End=284.789	_	_	_	0-8(25)
120-0	PST032	120	120	0	[sì]	sì	_	_	_	_	_	linguistic	_	none	_	Begin=283.961|End=284.368	_	_	_	0-2(25)
121-0	PST032	121	121	0	sì.	sì	_	_	_	_	_	linguistic	_	none	Intonation=Falling	Begin=284.855|End=285.289	_	_	_	_
122-0	PST211	122	122	0	va	va	_	_	_	_	_	linguistic	_	none	_	Begin=285.68	_	_	_	_
122-1	PST211	122	122	1	bene	bene	_	_	_	_	_	linguistic	_	none	_	_	_	_	_	_
122-2	PST211	122	122	2	okay	okay	_	_	_	_	_	linguistic	_	none	_	_	_	_	_	_
122-3	PST211	122	122	3	[allora	allora	_	_	_	_	_	linguistic	_	none	_	_	_	_	_	0-6(26)
122-4	PST211	122	122	4	ti]	ti	_	_	_	_	_	linguistic	_	none	_	_	_	_	_	0-2(26)
122-5	PST211	122	122	5	[lasciamo	lasciamo	_	_	_	_	_	linguistic	_	none	_	_	_	_	_	0-8(27)
122-6	PST211	122	122	6	andare]	andare	_	_	_	_	_	linguistic	_	none	_	End=287.332	_	_	_	0-6(27)
123-0	PST032	123	123	0	[okay]	okay	_	_	_	_	_	linguistic	_	none	_	Begin=286.33|End=286.75	_	_	_	0-4(26)
124-0	PST032	124	124	0	[grazie]	grazie	_	_	_	_	_	linguistic	_	none	_	Begin=286.85|End=287.34	_	_	_	0-6(27)
125-0	PST211	125	125	0	grazie	grazie	_	_	_	_	_	linguistic	_	none	_	Begin=287.36	_	_	_	_
125-1	PST211	125	125	1	[mille]	mille	_	_	_	_	_	linguistic	_	none	_	End=288.19	_	_	_	0-5(28)
126-0	PST032	126	126	0	[arrive][derci]	arrivederci	_	_	_	_	_	linguistic	_	none	PauseAfter=Yes	Begin=287.87	_	_	_	0-6(28),6-11(29)
126-1	PST032	126	126	1	(.)	(.)	_	_	_	_	_	shortpause	_	none	_	_	_	_	_	_
126-2	PST032	126	126	2	ciao	ciao	_	_	_	_	_	linguistic	_	none	_	End=289.51	_	_	_	_
127-0	PST212	127	127	0	[ciao]	ciao	_	_	_	_	_	linguistic	_	none	_	Begin=288.2|End=288.78	_	_	_	0-4(29)
