tu_id	speaker	start	end	parent_tu_id	text
148	PST145_trad	287.930	296.719	147	mi ricordo cioè ce l'ho in mente quando mi sono trasferita quando ho dovuto imparare una nuova lingua grazie a dio sono riuscita a impararla sin da subito
174	PST145_trad	354.526	356.627	173	
178	PST145_trad	361.430	365.160	177	e io lì ho capito che questo okay significa disegno io disegno
232	PST222_trad	485.110	485.781	231	auguri
234	PST145_trad	485.781	486.451	233	grazie
294	PST222_trad	608.975	610.398	293	più impari
297	PST222_trad	611.123	612.648	296	eh più scopri di essere ignorante
350	PST145_trad	715.753	717.264	349	piano piano piano piano
367	PST145_trad	755.386	758.119	366	se aḷḷāh se aḷḷāh vuole, come diciamo noi
390	PST145_trad	806.286	808.642	389	come in egitto anche in marocco fanno così
572	PST145_trad	1217.898	1220.742	570	io vado mi siedo e che dio me la scampi
574	PST222_trad	1221.198	1225.120	573	sì ma che dio me la scampi sì però, io mi fido tanto
601	PST145_trad	1274.720	1276.487	600	Con un modo solare sì
604	PST222_trad	1276.609	1277.820	603	eh se dio vuole
607	PST222_trad	1281.487	1284.698	605	se dio vuole viene il presidente
610	PST222_trad	1284.710	1285.440	609	il presidente
627	PST145_trad	1317.053	1320.098	626	io se dio vuole che lo passo se no no
638	PST145_trad	1339.938	1340.827	637	grazie a dio
640	PST222_trad	1341.219	1341.997	639	grazie a dio
745	PST145_trad	1574.498	1575.725	744	quello che dio ha voluto
796	PST145_trad	1698.319	1701.086	795	ad esempio #xxx bella pentola
798	PST145_trad	1701.086	1702.176	797	pentola
801	PST145_trad	1702.649	1704.665	800	
807	PST145_trad	1712.253	1713.964	806	è quello dove si mette pentola
816	PST145_trad	1727.542	1730.988	815	il che significa pulisci dove metto le pentole
932	PST145_trad	1908.109	1909.401	931	quello è il meglio
934	PST145_trad	1909.664	1911.387	933	sicuro è il meglio xx
1171	PST145_trad	2359.776	2361.253	1170	soldi soldi
1183	PST222_trad	2379.776	2380.642	1182	sì meschino sì
1185	PST145_trad	2380.376	2381.048	1184	meschino (poverino)
1187	PST145_trad	2381.398	2382.542	1186	
1192	PST145_trad	2385.369	2387.280	1191	
1195	PST145_trad	2390.013	2392.024	1194	beh è datt~ venditore di datteri
1198	PST145_trad	2393.239	2394.087	1197	venditore di datteri
1202	PST145_trad	2395.286	2399.098	1201	eh però in arabo è venditore di datteri vabbè è ca~
1212	PST222_trad	2410.186	2410.930	1211	tamarro
1227	PST222_trad	2425.486	2426.475	1226	tamarro
1229	PST145_trad	2426.475	2427.151	1228	tamarro
1233	PST222_trad	2428.708	2430.095	1232	tamarri, tamarra
1237	PST146_trad	2434.230	2434.851	1236	uva secca
1239	PST145_trad	2434.851	2436.559	1238	uva secca, uva secca
1241	PST222_trad	2436.559	2437.647	1240	uva secca si
1269	PST146_trad	2475.820	2476.420	1268	uva secca
1277	PST222_trad	2481.164	2482.097	1276	si uva secca
1281	PST146_trad	2484.774	2486.640	1280	si in sicilia zibibbu sì
1283	PST222_trad	2486.429	2487.640	1282	si chiama (zibibu: uva secca)
1285	PST222_trad	2487.640	2488.929	1284	si chiama (zibibbu o zibibbo: uva secca)
1288	PST145_trad	2488.929	2489.915	1287	uva secca
1289	PST146_trad	2488.929	2489.915	1286	uva secca
1291	PST222_trad	2490.170	2491.026	1290	zibibbu o zibibbo
1293	PST146_trad	2490.222	2492.122	1292	in dialetto (zibibbu zibibbu: uva secca)
1295	PST145_trad	2491.231	2492.665	1294	uva secca, uva secca
1303	PST222_trad	2500.608	2502.872	1302	a volte ci chiamiamo zbīb
1305	PST145_trad	2502.872	2503.854	1304	uva secca
1325	PST222_trad	2531.875	2532.742	1324	uva secca
1328	PST222_trad	2534.664	2537.275	1327	ah un pezzo di uva secca
1338	PST222_trad	2544.409	2545.820	1337	uva secca, uva secca
1344	PST222_trad	2557.764	2558.608	1343	lentiggini sul viso
1369	PST222_trad	2589.076	2590.642	1368	quel ragazzo qua ha delle lentiggini qua
1371	PST222_trad	2591.142	2593.998	1370	oppure ha delle lentiggini sul naso
1376	PST222_trad	2596.498	2597.120	1375	lentiggini
1410	PST145_trad	2652.810	2658.020	1409	eh anche questa lingua è marocchina, dai giovani xx grazie a dio
1412	PST145_trad	2658.430	2663.360	1411	a me non capiscono se io parlo con loro io mi sono abituata a parlare con voi
1483	PST222_trad	2784.786	2786.431	1482	tipo stupido di natura
1486	PST222_trad	2788.053	2789.231	1485	stupido di natura
1502	PST222_trad	2816.331	2820.209	1501	stupido di natura eh xx xx xx xx
1510	PST222_trad	2843.008	2846.404	1509	Adel Imam (attore e comico egiziano)
1512	PST222_trad	2846.631	2847.731	1511	Adel Imam
1517	PST222_trad	2851.309	2853.064	1516	e scrivi commedia teatrale
1786	PST145_trad	3393.820	3395.408	1785	hanno detto xx
1788	PST145_trad	3395.592	3397.536	1787	ha detto xx
1889	PST145_trad	3643.231	3644.287	1888	Davvero (letteralmente giuro su Dio)
1909	PST222_trad	3684.842	3685.742	1908	tashkīl (è la vocalizzazione nell'arabo, l'aggiunta delle vocali )
1931	PST222_trad	3727.553	3729.231	1930	eh questa si chiama macchina
1936	PST222_trad	3734.186	3735.976	1935	macchina partire/viaggiare/camminare
1940	PST222_trad	3739.509	3740.976	1939	partire/viaggiare/camminare
1942	PST222_trad	3741.053	3744.720	1941	e il verbo nel passato (.) quello è il l'infinito (verbale) e::h la risorsa
1961	PST222_trad	3784.264	3785.698	1960	poi ti dico viaggio/cammino
1973	PST222_trad	3808.853	3809.519	1972	lui mangia
1976	PST222_trad	3810.298	3812.811	1975	
1980	PST222_trad	3814.264	3816.372	1979	
1984	PST222_trad	3821.497	3822.264	1983	registrazione
1986	PST222_trad	3822.676	3824.831	1985	registrazione
1988	PST222_trad	3825.631	3826.886	1987	okay (.) registrazione
1990	PST222_trad	3827.464	3828.931	1989	(le radici di questa parola sono:) sa ja la
1992	PST222_trad	3829.453	3830.553	1991	sa ja la
2002	PST145_trad	3848.753	3851.853	2001	grazie a dio perché se no sarebbe veramente un problema
2004	PST145_trad	3852.909	3854.487	2003	
2188	PST145_trad	4230.386	4231.242	2187	grazie a dio
2209	PST145_trad	4260.165	4261.809	2208	davvero che sono tre notti
2762	PST222_trad	5265.297	5267.010	2761	ma guarda che è bello
2764	PST222_trad	5267.300	5268.080	2763	davvero è bello
2766	PST222_trad	5269.250	5270.350	2765	è bello il posto dove vivi a torino
2768	PST222_trad	5270.620	5271.080	2767	davvero è bello il posto dove vivi
